{
	"editor": {
		"allAngles": false,
		"entityTextureMode": false
	},
	"textureWidth": 16,
	"textureHeight": 16,
	"textureSizes": {
		"cabinet-detail": [16,16],
		"cabinet-border": [16,16],
		"shinybrass": [16,16],
		"cabinet": [16,16]
	},
	"textures": {
		"cabinet-detail": "block/wood/acacia/cabinet-detail",
		"shinybrass": "block/metal/shinybrass",
		"cabinet-boreder": "block/wood/acacia/cabinet-boreder",
		"cabinet": "block/wood/acacia/cabinet"
	},
	"elements": [
		{
			"name": "Door",
			"from": [ 1.0, 2.0, 15.0 ], 
			"to": [ 15.0, 14.0, 15.5 ], 
			"rotationOrigin": [ 0.5, 9.0, 15.0 ],
			"faces": {
				"north": { "texture": "#cabinet-detail", "uv": [ 0.0, 0.0, 16.0, 16.0 ], "autoUv": false },
				"east": { "texture": "#cabinet", "uv": [ 0.0, 0.0, 2.0, 16.0 ], "autoUv": false },
				"south": { "texture": "#cabinet-detail", "uv": [ 0.0, 0.0, 16.0, 16.0 ], "autoUv": false },
				"west": { "texture": "#cabinet", "uv": [ 0.0, 0.0, 2.0, 16.0 ], "autoUv": false },
				"up": { "texture": "#cabinet", "uv": [ 0.0, 0.0, 16.0, 1.5 ], "autoUv": false },
				"down": { "texture": "#cabinet", "uv": [ 0.0, 0.0, 16.0, 1.5 ], "autoUv": false }
			},
			"children": [
				{
					"name": "Handle",
					"from": [ 12.5, 2.0, 1.2 ], 
					"to": [ 13.0, 5.0, 1.5 ], 
					"rotationOrigin": [ 11.0, 2.0, 2.0 ],
					"faces": {
						"north": { "texture": "#null", "uv": [ 0.0, 0.0, 16.0, 16.0 ], "enabled": false, "autoUv": false },
						"east": { "texture": "#shinybrass", "uv": [ 0.0, 0.0, 16.0, 16.0 ], "autoUv": false },
						"south": { "texture": "#shinybrass", "uv": [ 0.0, 0.0, 16.0, 16.0 ], "autoUv": false },
						"west": { "texture": "#shinybrass", "uv": [ 0.0, 0.0, 16.0, 16.0 ], "autoUv": false },
						"up": { "texture": "#shinybrass", "uv": [ 0.0, 0.0, 16.0, 16.0 ], "autoUv": false },
						"down": { "texture": "#shinybrass", "uv": [ 0.0, 0.0, 16.0, 16.0 ], "autoUv": false }
					},
					"children": [
						{
							"name": "PartB",
							"from": [ 0.0, 0.2, -0.5 ], 
							"to": [ 0.5, 0.5, 0.7 ], 
							"rotationOrigin": [ 0.0, 0.5, -0.5 ],
							"rotationX": -22.5000003066977,
							"faces": {
								"north": { "texture": "#null", "uv": [ 0.0, 0.0, 0.5, 0.5 ], "enabled": false },
								"east": { "texture": "#shinybrass", "uv": [ 0.0, 0.0, 16.0, 16.0 ], "autoUv": false },
								"south": { "texture": "#shinybrass", "uv": [ 0.0, 0.0, 16.0, 16.0 ], "autoUv": false },
								"west": { "texture": "#shinybrass", "uv": [ 0.0, 0.0, 16.0, 16.0 ], "autoUv": false },
								"up": { "texture": "#shinybrass", "uv": [ 0.0, 0.0, 16.0, 16.0 ], "autoUv": false },
								"down": { "texture": "#shinybrass", "uv": [ 0.0, 0.0, 16.0, 16.0 ], "autoUv": false }
							}
						},
						{
							"name": "PartT",
							"from": [ 0.0, 2.5, -0.5 ], 
							"to": [ 0.5, 2.8, 0.7 ], 
							"rotationOrigin": [ 0.0, 2.5, -0.5 ],
							"rotationX": 22.5000003066977,
							"faces": {
								"north": { "texture": "#null", "uv": [ 0.0, 0.0, 0.5, 0.5 ], "enabled": false },
								"east": { "texture": "#shinybrass", "uv": [ 0.0, 0.0, 16.0, 16.0 ], "autoUv": false },
								"south": { "texture": "#shinybrass", "uv": [ 0.0, 0.0, 16.0, 16.0 ], "autoUv": false },
								"west": { "texture": "#shinybrass", "uv": [ 0.0, 0.0, 16.0, 16.0 ], "autoUv": false },
								"up": { "texture": "#shinybrass", "uv": [ 0.0, 0.0, 16.0, 16.0 ], "autoUv": false },
								"down": { "texture": "#shinybrass", "uv": [ 0.0, 0.0, 16.0, 16.0 ], "autoUv": false }
							}
						}
					]
				},
				{
					"name": "HingeB",
					"from": [ -0.4, 1.1, 0.1 ], 
					"to": [ -0.2, 2.0, 0.3 ], 
					"rotationOrigin": [ 0.0, 1.0, 0.0 ],
					"faces": {
						"north": { "texture": "#shinybrass", "uv": [ 0.0, 0.0, 16.0, 16.0 ], "autoUv": false },
						"east": { "texture": "#shinybrass", "uv": [ 0.0, 0.0, 16.0, 16.0 ], "autoUv": false },
						"south": { "texture": "#shinybrass", "uv": [ 0.0, 0.0, 16.0, 16.0 ], "autoUv": false },
						"west": { "texture": "#shinybrass", "uv": [ 0.0, 0.0, 16.0, 16.0 ], "autoUv": false },
						"up": { "texture": "#shinybrass", "uv": [ 0.0, 0.0, 16.0, 16.0 ], "autoUv": false },
						"down": { "texture": "#shinybrass", "uv": [ 0.0, 0.0, 16.0, 16.0 ], "autoUv": false }
					},
					"children": [
						{
							"name": "HingeBTP",
							"from": [ -0.1, 0.9, -0.1 ], 
							"to": [ 0.4, 1.2, 0.3 ], 
							"rotationOrigin": [ 0.4, 0.9, -0.1 ],
							"faces": {
								"north": { "texture": "#shinybrass", "uv": [ 0.0, 0.0, 16.0, 16.0 ], "autoUv": false },
								"east": { "texture": "#shinybrass", "uv": [ 0.0, 0.0, 16.0, 16.0 ], "autoUv": false },
								"south": { "texture": "#shinybrass", "uv": [ 0.0, 0.0, 16.0, 16.0 ], "autoUv": false },
								"west": { "texture": "#shinybrass", "uv": [ 0.0, 0.0, 16.0, 16.0 ], "autoUv": false },
								"up": { "texture": "#shinybrass", "uv": [ 0.0, 0.0, 16.0, 16.0 ], "autoUv": false },
								"down": { "texture": "#shinybrass", "uv": [ 0.0, 0.0, 16.0, 16.0 ], "autoUv": false }
							}
						},
						{
							"name": "HingeBBP",
							"from": [ -0.1, -0.3, -0.1 ], 
							"to": [ 0.4, 0.0, 0.3 ], 
							"rotationOrigin": [ 0.4, -0.1, -0.1 ],
							"faces": {
								"north": { "texture": "#shinybrass", "uv": [ 0.0, 0.0, 16.0, 16.0 ], "autoUv": false },
								"east": { "texture": "#shinybrass", "uv": [ 0.0, 0.0, 16.0, 16.0 ], "autoUv": false },
								"south": { "texture": "#shinybrass", "uv": [ 0.0, 0.0, 16.0, 16.0 ], "autoUv": false },
								"west": { "texture": "#shinybrass", "uv": [ 0.0, 0.0, 16.0, 16.0 ], "autoUv": false },
								"up": { "texture": "#shinybrass", "uv": [ 0.0, 0.0, 16.0, 16.0 ], "autoUv": false },
								"down": { "texture": "#shinybrass", "uv": [ 0.0, 0.0, 16.0, 16.0 ], "autoUv": false }
							}
						}
					]
				},
				{
					"name": "Door-Detail-T",
					"from": [ 1.0, 11.0, -0.2 ], 
					"to": [ 13.0, 11.5, 0.8 ], 
					"rotationOrigin": [ 1.0, 11.0, 0.0 ],
					"faces": {
						"north": { "texture": "#cabinet-boreder", "uv": [ 0.0, 0.0, 16.0, 2.5 ], "autoUv": false },
						"east": { "texture": "#cabinet-boreder", "uv": [ 0.0, 0.0, 16.0, 2.5 ], "autoUv": false },
						"south": { "texture": "#cabinet-boreder", "uv": [ 0.0, 0.0, 16.0, 2.5 ], "autoUv": false },
						"west": { "texture": "#cabinet-boreder", "uv": [ 0.0, 0.0, 16.0, 2.5 ], "autoUv": false },
						"up": { "texture": "#cabinet-boreder", "uv": [ 0.0, 0.0, 16.0, 2.0 ], "autoUv": false },
						"down": { "texture": "#cabinet-boreder", "uv": [ 0.0, 0.0, 16.0, 2.5 ], "autoUv": false }
					},
					"children": [
						{
							"name": "Door-Detail-TT",
							"from": [ 1.0, -1.0, -0.2 ], 
							"to": [ 11.0, -0.5, 1.0 ], 
							"rotationOrigin": [ 1.0, -1.0, 0.2 ],
							"faces": {
								"north": { "texture": "#cabinet-boreder", "uv": [ 0.0, 0.0, 16.0, 2.5 ], "autoUv": false },
								"east": { "texture": "#cabinet-boreder", "uv": [ 0.0, 0.0, 16.0, 2.5 ], "autoUv": false },
								"south": { "texture": "#cabinet-boreder", "uv": [ 0.0, 0.0, 16.0, 2.5 ], "autoUv": false },
								"west": { "texture": "#cabinet-boreder", "uv": [ 0.0, 0.0, 16.0, 2.5 ], "autoUv": false },
								"up": { "texture": "#cabinet-boreder", "uv": [ 0.0, 0.0, 16.0, 2.0 ], "autoUv": false },
								"down": { "texture": "#cabinet-boreder", "uv": [ 0.0, 0.0, 16.0, 2.5 ], "autoUv": false }
							}
						}
					]
				},
				{
					"name": "Door-Detail-B",
					"from": [ 1.0, 1.0, -0.2 ], 
					"to": [ 13.0, 1.5, 0.8 ], 
					"rotationOrigin": [ 1.0, 1.0, 0.0 ],
					"faces": {
						"north": { "texture": "#cabinet-boreder", "uv": [ 0.0, 0.5, 16.0, 2.5 ], "autoUv": false },
						"east": { "texture": "#cabinet-boreder", "uv": [ 0.0, 0.5, 16.0, 2.5 ], "autoUv": false },
						"south": { "texture": "#cabinet-boreder", "uv": [ 0.0, 0.5, 16.0, 2.5 ], "autoUv": false },
						"west": { "texture": "#cabinet-boreder", "uv": [ 0.0, 0.5, 16.0, 2.5 ], "autoUv": false },
						"up": { "texture": "#cabinet-boreder", "uv": [ 0.0, 0.5, 16.0, 2.5 ], "autoUv": false },
						"down": { "texture": "#cabinet-boreder", "uv": [ 0.0, 0.5, 16.0, 2.5 ], "autoUv": false }
					},
					"children": [
						{
							"name": "Door-Detail-BB",
							"from": [ 1.0, 1.0, -0.2 ], 
							"to": [ 11.0, 1.5, 1.0 ], 
							"rotationOrigin": [ 1.0, 1.0, 0.2 ],
							"faces": {
								"north": { "texture": "#cabinet-boreder", "uv": [ 0.0, 0.5, 16.0, 2.5 ], "autoUv": false },
								"east": { "texture": "#cabinet-boreder", "uv": [ 0.0, 0.5, 16.0, 2.5 ], "autoUv": false },
								"south": { "texture": "#cabinet-boreder", "uv": [ 0.0, 0.5, 16.0, 2.5 ], "autoUv": false },
								"west": { "texture": "#cabinet-boreder", "uv": [ 0.0, 0.5, 16.0, 2.5 ], "autoUv": false },
								"up": { "texture": "#cabinet-boreder", "uv": [ 0.0, 0.5, 16.0, 2.5 ], "autoUv": false },
								"down": { "texture": "#cabinet-boreder", "uv": [ 0.0, 0.5, 16.0, 2.5 ], "autoUv": false }
							}
						}
					]
				},
				{
					"name": "Door-Detail-L",
					"from": [ 1.0, 1.5, -0.2 ], 
					"to": [ 1.5, 11.0, 0.8 ], 
					"rotationOrigin": [ 1.0, 1.0, 0.0 ],
					"faces": {
						"north": { "texture": "#cabinet-boreder", "uv": [ 0.0, 0.5, 16.0, 2.5 ], "rotation": 90, "autoUv": false },
						"east": { "texture": "#cabinet-boreder", "uv": [ 0.0, 0.5, 16.0, 2.5 ], "rotation": 90, "autoUv": false },
						"south": { "texture": "#cabinet-boreder", "uv": [ 0.0, 0.5, 16.0, 2.5 ], "rotation": 90, "autoUv": false },
						"west": { "texture": "#cabinet-boreder", "uv": [ 0.0, 0.5, 16.0, 2.5 ], "rotation": 90, "autoUv": false },
						"up": { "texture": "#cabinet-boreder", "uv": [ 0.0, 0.5, 16.0, 2.5 ], "autoUv": false },
						"down": { "texture": "#cabinet-boreder", "uv": [ 0.0, 0.5, 16.0, 2.5 ], "autoUv": false }
					}
				},
				{
					"name": "Door-Detail-R",
					"from": [ 12.5, 1.5, -0.2 ], 
					"to": [ 13.0, 11.0, 0.8 ], 
					"rotationOrigin": [ 12.0, 1.0, 0.0 ],
					"faces": {
						"north": { "texture": "#cabinet-boreder", "uv": [ 0.0, 0.0, 16.0, 2.0 ], "rotation": 90, "autoUv": false },
						"east": { "texture": "#cabinet-boreder", "uv": [ 0.0, 0.5, 16.0, 2.5 ], "rotation": 90, "autoUv": false },
						"south": { "texture": "#cabinet-boreder", "uv": [ 0.0, 0.5, 16.0, 2.5 ], "rotation": 90, "autoUv": false },
						"west": { "texture": "#cabinet-boreder", "uv": [ 0.0, 0.5, 16.0, 2.5 ], "rotation": 90, "autoUv": false },
						"up": { "texture": "#cabinet-boreder", "uv": [ 0.0, 0.5, 16.0, 2.5 ], "autoUv": false },
						"down": { "texture": "#cabinet-boreder", "uv": [ 0.0, 0.5, 16.0, 2.5 ], "autoUv": false }
					}
				},
				{
					"name": "HingeT32",
					"from": [ -0.4, 10.1, 0.1 ], 
					"to": [ -0.2, 11.0, 0.3 ], 
					"rotationOrigin": [ 0.0, 10.0, 0.0 ],
					"faces": {
						"north": { "texture": "#shinybrass", "uv": [ 0.0, 0.0, 16.0, 16.0 ], "autoUv": false },
						"east": { "texture": "#shinybrass", "uv": [ 0.0, 0.0, 16.0, 16.0 ], "autoUv": false },
						"south": { "texture": "#shinybrass", "uv": [ 0.0, 0.0, 16.0, 16.0 ], "autoUv": false },
						"west": { "texture": "#shinybrass", "uv": [ 0.0, 0.0, 16.0, 16.0 ], "autoUv": false },
						"up": { "texture": "#shinybrass", "uv": [ 0.0, 0.0, 16.0, 16.0 ], "autoUv": false },
						"down": { "texture": "#shinybrass", "uv": [ 0.0, 0.0, 16.0, 16.0 ], "autoUv": false }
					},
					"children": [
						{
							"name": "HingeTTT",
							"from": [ -0.1, 0.9, -0.1 ], 
							"to": [ 0.4, 1.2, 0.3 ], 
							"rotationOrigin": [ 0.4, 0.9, -0.1 ],
							"faces": {
								"north": { "texture": "#shinybrass", "uv": [ 0.0, 0.0, 16.0, 16.0 ], "autoUv": false },
								"east": { "texture": "#shinybrass", "uv": [ 0.0, 0.0, 16.0, 16.0 ], "autoUv": false },
								"south": { "texture": "#shinybrass", "uv": [ 0.0, 0.0, 16.0, 16.0 ], "autoUv": false },
								"west": { "texture": "#shinybrass", "uv": [ 0.0, 0.0, 16.0, 16.0 ], "autoUv": false },
								"up": { "texture": "#shinybrass", "uv": [ 0.0, 0.0, 16.0, 16.0 ], "autoUv": false },
								"down": { "texture": "#shinybrass", "uv": [ 0.0, 0.0, 16.0, 16.0 ], "autoUv": false }
							}
						},
						{
							"name": "HingeTTB",
							"from": [ -0.1, -0.3, -0.1 ], 
							"to": [ 0.4, 0.0, 0.3 ], 
							"rotationOrigin": [ 0.4, -0.1, -0.1 ],
							"faces": {
								"north": { "texture": "#shinybrass", "uv": [ 0.0, 0.0, 16.0, 16.0 ], "autoUv": false },
								"east": { "texture": "#shinybrass", "uv": [ 0.0, 0.0, 16.0, 16.0 ], "autoUv": false },
								"south": { "texture": "#shinybrass", "uv": [ 0.0, 0.0, 16.0, 16.0 ], "autoUv": false },
								"west": { "texture": "#shinybrass", "uv": [ 0.0, 0.0, 16.0, 16.0 ], "autoUv": false },
								"up": { "texture": "#shinybrass", "uv": [ 0.0, 0.0, 16.0, 16.0 ], "autoUv": false },
								"down": { "texture": "#shinybrass", "uv": [ 0.0, 0.0, 16.0, 16.0 ], "autoUv": false }
							}
						}
					]
				},
				{
					"name": "Door-Detail-LL",
					"from": [ 2.0, 2.5, -0.4 ], 
					"to": [ 2.5, 10.0, 0.8 ], 
					"rotationOrigin": [ 2.0, 2.0, 0.0 ],
					"faces": {
						"north": { "texture": "#cabinet-boreder", "uv": [ 0.0, 0.5, 16.0, 2.5 ], "rotation": 90, "autoUv": false },
						"east": { "texture": "#cabinet-boreder", "uv": [ 0.0, 0.5, 16.0, 2.5 ], "rotation": 90, "autoUv": false },
						"south": { "texture": "#cabinet-boreder", "uv": [ 0.0, 0.5, 16.0, 2.5 ], "rotation": 90, "autoUv": false },
						"west": { "texture": "#cabinet-boreder", "uv": [ 0.0, 0.5, 16.0, 2.5 ], "rotation": 90, "autoUv": false },
						"up": { "texture": "#cabinet-boreder", "uv": [ 0.0, 0.5, 16.0, 2.5 ], "rotation": 90, "autoUv": false },
						"down": { "texture": "#cabinet-boreder", "uv": [ 0.0, 0.5, 16.0, 2.5 ], "rotation": 90, "autoUv": false }
					}
				},
				{
					"name": "Door-Detail-RR",
					"from": [ 11.5, 2.5, -0.4 ], 
					"to": [ 12.0, 10.0, 0.8 ], 
					"rotationOrigin": [ 11.0, 2.0, 0.0 ],
					"faces": {
						"north": { "texture": "#cabinet-boreder", "uv": [ 0.0, 0.5, 16.0, 2.5 ], "rotation": 90, "autoUv": false },
						"east": { "texture": "#cabinet-boreder", "uv": [ 0.0, 0.5, 16.0, 2.5 ], "rotation": 90, "autoUv": false },
						"south": { "texture": "#cabinet-boreder", "uv": [ 0.0, 0.5, 16.0, 2.5 ], "rotation": 90, "autoUv": false },
						"west": { "texture": "#cabinet-boreder", "uv": [ 0.0, 0.5, 16.0, 2.5 ], "rotation": 90, "autoUv": false },
						"up": { "texture": "#cabinet-boreder", "uv": [ 0.0, 0.5, 16.0, 2.5 ], "autoUv": false },
						"down": { "texture": "#cabinet-boreder", "uv": [ 0.0, 0.5, 16.0, 2.5 ], "autoUv": false }
					}
				}
			]
		},
		{
			"name": "Frame",
			"from": [ 8.0, 8.0, 0.0 ], 
			"to": [ 8.0, 8.0, 0.0 ], 
			"rotationOrigin": [ 8.0, 8.0, 0.0 ],
			"faces": {
				"north": { "texture": "#shinybrass", "uv": [ 0.0, 0.0, 0.5, 0.5 ] },
				"east": { "texture": "#shinybrass", "uv": [ 0.0, 0.0, 0.5, 0.5 ] },
				"south": { "texture": "#shinybrass", "uv": [ 0.0, 0.0, 0.5, 0.5 ] },
				"west": { "texture": "#shinybrass", "uv": [ 0.0, 0.0, 0.5, 0.5 ] },
				"up": { "texture": "#shinybrass", "uv": [ 0.0, 0.0, 0.5, 0.5 ] },
				"down": { "texture": "#shinybrass", "uv": [ 0.0, 0.0, 0.5, 0.5 ] }
			},
			"children": [
				{
					"name": "Frame W",
					"from": [ -8.0, -6.0, 1.0 ], 
					"to": [ -7.0, 6.0, 15.0 ], 
					"rotationOrigin": [ -8.0, -6.0, 1.0 ],
					"faces": {
						"north": { "texture": "#cabinet", "uv": [ 0.0, 0.0, 2.0, 16.0 ], "autoUv": false },
						"east": { "texture": "#cabinet", "uv": [ 0.0, 0.0, 16.0, 16.0 ], "autoUv": false },
						"south": { "texture": "#cabinet", "uv": [ 0.0, 0.0, 2.0, 16.0 ], "autoUv": false },
						"west": { "texture": "#cabinet", "uv": [ 0.0, 0.0, 16.0, 16.0 ], "autoUv": false },
						"up": { "texture": "#cabinet", "uv": [ 0.0, 0.0, 2.0, 16.0 ], "autoUv": false },
						"down": { "texture": "#cabinet", "uv": [ 0.0, 0.0, 2.0, 16.0 ], "autoUv": false }
					}
				},
				{
					"name": "Frame N",
					"from": [ -8.0, -6.0, 0.0 ], 
					"to": [ 8.0, 6.0, 1.0 ], 
					"rotationOrigin": [ -8.0, -6.0, 0.0 ],
					"faces": {
						"north": { "texture": "#cabinet", "uv": [ 0.0, 0.0, 16.0, 16.0 ], "autoUv": false },
						"east": { "texture": "#cabinet", "uv": [ 14.5, 0.0, 16.0, 16.0 ], "autoUv": false },
						"south": { "texture": "#cabinet", "uv": [ 0.0, 0.0, 16.0, 16.0 ], "autoUv": false },
						"west": { "texture": "#cabinet", "uv": [ 0.0, 0.0, 1.5, 16.0 ], "autoUv": false },
						"up": { "texture": "#cabinet", "uv": [ 0.0, 0.0, 16.0, 1.5 ], "autoUv": false },
						"down": { "texture": "#cabinet", "uv": [ 0.0, 0.0, 16.0, 1.5 ], "autoUv": false }
					}
				},
				{
					"name": "Frame E",
					"from": [ 7.0, -6.0, 1.0 ], 
					"to": [ 8.0, 6.0, 15.0 ], 
					"rotationOrigin": [ 7.0, -6.0, 1.0 ],
					"faces": {
						"north": { "texture": "#cabinet", "uv": [ 0.0, 0.0, 1.0, 16.0 ], "autoUv": false },
						"east": { "texture": "#cabinet", "uv": [ 0.0, 0.0, 16.0, 16.0 ], "autoUv": false },
						"south": { "texture": "#cabinet", "uv": [ 0.0, 0.0, 1.0, 16.0 ], "autoUv": false },
						"west": { "texture": "#cabinet", "uv": [ 0.0, 0.0, 16.0, 16.0 ], "autoUv": false },
						"up": { "texture": "#cabinet", "uv": [ 0.0, 0.0, 1.5, 16.0 ], "autoUv": false },
						"down": { "texture": "#cabinet", "uv": [ 0.0, 0.0, 1.5, 16.0 ], "autoUv": false }
					}
				},
				{
					"name": "Frame S Front B",
					"from": [ -8.0, -8.0, 15.0 ], 
					"to": [ 8.0, -6.0, 15.1 ], 
					"rotationOrigin": [ -8.0, -8.0, 15.0 ],
					"faces": {
						"north": { "texture": "#cabinet-boreder", "uv": [ 0.0, 0.0, 16.0, 2.5 ], "autoUv": false },
						"east": { "texture": "#cabinet-boreder", "uv": [ 0.0, 0.0, 3.0, 2.5 ], "autoUv": false },
						"south": { "texture": "#cabinet-boreder", "uv": [ 0.0, 0.0, 16.0, 2.5 ], "autoUv": false },
						"west": { "texture": "#cabinet-boreder", "uv": [ 0.0, 0.0, 3.0, 2.5 ], "autoUv": false },
						"up": { "texture": "#cabinet-boreder", "uv": [ 0.0, 0.0, 16.0, 2.5 ], "rotation": 180, "autoUv": false },
						"down": { "texture": "#cabinet-boreder", "uv": [ 0.0, 0.0, 16.0, 2.5 ], "rotation": 180, "autoUv": false }
					}
				},
				{
					"name": "Frame S Front T",
					"from": [ -8.0, 6.0, 15.0 ], 
					"to": [ 8.0, 8.0, 17.0 ], 
					"rotationOrigin": [ -8.0, 6.0, 15.0 ],
					"faces": {
						"north": { "texture": "#cabinet-boreder", "uv": [ 0.0, 0.0, 16.0, 2.5 ], "rotation": 180, "autoUv": false },
						"east": { "texture": "#cabinet-boreder", "uv": [ 0.0, 0.0, 2.5, 2.5 ], "rotation": 180, "autoUv": false },
						"south": { "texture": "#cabinet-boreder", "uv": [ 0.0, 0.0, 16.0, 2.5 ], "rotation": 180, "autoUv": false },
						"west": { "texture": "#cabinet-boreder", "uv": [ 0.0, 0.0, 2.5, 2.5 ], "rotation": 180, "autoUv": false },
						"up": { "texture": "#cabinet-boreder", "uv": [ 0.0, 0.0, 16.0, 2.5 ], "autoUv": false },
						"down": { "texture": "#cabinet-boreder", "uv": [ 0.0, 0.0, 16.0, 2.5 ], "rotation": 180, "autoUv": false }
					}
				},
				{
					"name": "Countertop",
					"from": [ -7.0, 6.0, 1.0 ], 
					"to": [ 7.0, 7.0, 15.0 ], 
					"rotationOrigin": [ -7.0, 6.0, 1.0 ],
					"faces": {
						"north": { "texture": "#null", "uv": [ 0.0, 0.0, 16.0, 2.0 ], "enabled": false, "autoUv": false },
						"east": { "texture": "#null", "uv": [ 0.0, 2.0, 16.0, 0.0 ], "enabled": false, "autoUv": false },
						"south": { "texture": "#null", "uv": [ 0.0, 0.0, 16.0, 2.0 ], "enabled": false, "autoUv": false },
						"west": { "texture": "#null", "uv": [ 0.0, 0.0, 16.0, 2.0 ], "enabled": false, "autoUv": false },
						"up": { "texture": "#cabinet", "uv": [ 0.0, 0.0, 16.0, 16.0 ], "autoUv": false },
						"down": { "texture": "#cabinet", "uv": [ 0.0, 0.0, 16.0, 16.0 ], "autoUv": false }
					}
				},
				{
					"name": "Floor",
					"from": [ -7.0, -8.0, 1.0 ], 
					"to": [ 7.0, -6.0, 15.0 ], 
					"rotationOrigin": [ -7.0, -8.0, 1.0 ],
					"faces": {
						"north": { "texture": "#null", "uv": [ 0.0, 0.0, 16.0, 2.5 ], "enabled": false, "autoUv": false },
						"east": { "texture": "#null", "uv": [ 0.0, 0.0, 16.0, 2.5 ], "enabled": false, "autoUv": false },
						"south": { "texture": "#null", "uv": [ 0.0, 0.0, 16.0, 2.5 ], "enabled": false, "autoUv": false },
						"west": { "texture": "#null", "uv": [ 0.0, 2.5, 16.0, 0.0 ], "enabled": false, "autoUv": false },
						"up": { "texture": "#cabinet", "uv": [ 0.0, 0.0, 16.0, 16.0 ], "autoUv": false },
						"down": { "texture": "#cabinet", "uv": [ 0.0, 0.0, 16.0, 16.0 ], "autoUv": false }
					}
				},
				{
					"name": "Bored T",
					"from": [ -7.0, -4.0, 1.0 ], 
					"to": [ 1.0, -3.6, 14.0 ], 
					"rotationOrigin": [ -7.0, -4.0, 1.0 ],
					"faces": {
						"north": { "texture": "#cabinet-boreder", "uv": [ 0.0, 0.0, 8.0, 0.5 ] },
						"east": { "texture": "#cabinet-boreder", "uv": [ 0.0, 0.0, 13.0, 0.5 ] },
						"south": { "texture": "#cabinet-boreder", "uv": [ 0.0, 0.0, 16.0, 2.5 ], "autoUv": false },
						"west": { "texture": "#cabinet-boreder", "uv": [ 0.0, 0.0, 13.0, 0.5 ] },
						"up": { "texture": "#cabinet-detail", "uv": [ 0.0, 0.0, 16.0, 16.0 ], "autoUv": false },
						"down": { "texture": "#cabinet-detail", "uv": [ 0.0, 0.0, 16.0, 16.0 ], "autoUv": false }
					}
				},
				{
					"name": "Bored B",
					"from": [ -7.0, 2.0, 1.0 ], 
					"to": [ 1.0, 2.4, 14.0 ], 
					"rotationOrigin": [ -7.0, 2.0, 1.0 ],
					"faces": {
						"north": { "texture": "#cabinet-boreder", "uv": [ 0.0, 0.0, 8.0, 0.5 ] },
						"east": { "texture": "#cabinet-boreder", "uv": [ 0.0, 0.0, 13.0, 0.5 ] },
						"south": { "texture": "#cabinet-boreder", "uv": [ 0.0, 0.0, 16.0, 2.5 ], "autoUv": false },
						"west": { "texture": "#cabinet-boreder", "uv": [ 0.0, 0.0, 13.0, 0.5 ] },
						"up": { "texture": "#cabinet-detail", "uv": [ 0.0, 0.0, 16.0, 16.0 ], "autoUv": false },
						"down": { "texture": "#cabinet-detail", "uv": [ 0.0, 0.0, 16.0, 16.0 ], "autoUv": false }
					}
				},
				{
					"name": "Frame T Front W",
					"from": [ -8.0, 6.0, 1.0 ], 
					"to": [ -7.0, 8.0, 15.0 ], 
					"rotationOrigin": [ -8.0, 6.0, 1.0 ],
					"faces": {
						"north": { "texture": "#cabinet-boreder", "uv": [ 0.0, 0.0, 16.0, 2.5 ], "rotation": 180, "autoUv": false },
						"east": { "texture": "#cabinet-boreder", "uv": [ 0.0, 0.0, 16.0, 2.5 ], "rotation": 180, "autoUv": false },
						"south": { "texture": "#cabinet-boreder", "uv": [ 0.0, 0.0, 16.0, 2.5 ], "rotation": 180, "autoUv": false },
						"west": { "texture": "#cabinet-boreder", "uv": [ 0.0, 0.0, 16.0, 2.5 ], "rotation": 180, "autoUv": false },
						"up": { "texture": "#cabinet-boreder", "uv": [ 0.0, 0.0, 16.0, 2.5 ], "rotation": 90, "autoUv": false },
						"down": { "texture": "#cabinet-boreder", "uv": [ 0.0, 0.0, 16.0, 16.0 ], "rotation": 180, "autoUv": false }
					}
				},
				{
					"name": "Frame T Front N",
					"from": [ -8.0, 6.0, 0.0 ], 
					"to": [ 8.0, 8.0, 1.0 ], 
					"rotationOrigin": [ -8.0, 6.0, 0.0 ],
					"faces": {
						"north": { "texture": "#cabinet-boreder", "uv": [ 0.0, 0.0, 16.0, 2.5 ], "rotation": 180, "autoUv": false },
						"east": { "texture": "#cabinet-boreder", "uv": [ 0.0, 0.0, 2.5, 2.5 ], "rotation": 180, "autoUv": false },
						"south": { "texture": "#cabinet-boreder", "uv": [ 0.0, 0.0, 16.0, 2.5 ], "rotation": 180, "autoUv": false },
						"west": { "texture": "#cabinet-boreder", "uv": [ 0.0, 0.0, 2.5, 2.5 ], "rotation": 180, "autoUv": false },
						"up": { "texture": "#cabinet-boreder", "uv": [ 0.0, 0.0, 16.0, 2.5 ], "autoUv": false },
						"down": { "texture": "#cabinet-boreder", "uv": [ 0.0, 0.0, 16.0, 2.5 ], "rotation": 180, "autoUv": false }
					}
				},
				{
					"name": "Frame T Front E",
					"from": [ 7.0, 6.0, 1.0 ], 
					"to": [ 8.0, 8.0, 15.0 ], 
					"rotationOrigin": [ 7.0, 6.0, 1.0 ],
					"faces": {
						"north": { "texture": "#cabinet-boreder", "uv": [ 0.0, 0.0, 16.0, 2.5 ], "rotation": 180, "autoUv": false },
						"east": { "texture": "#cabinet-boreder", "uv": [ 0.0, 0.0, 16.0, 2.5 ], "rotation": 180, "autoUv": false },
						"south": { "texture": "#cabinet-boreder", "uv": [ 0.0, 0.0, 16.0, 2.5 ], "rotation": 180, "autoUv": false },
						"west": { "texture": "#cabinet-boreder", "uv": [ 0.0, 0.0, 16.0, 2.5 ], "rotation": 180, "autoUv": false },
						"up": { "texture": "#cabinet-boreder", "uv": [ 0.0, 0.0, 16.0, 2.5 ], "rotation": 90, "autoUv": false },
						"down": { "texture": "#cabinet-boreder", "uv": [ 0.0, 0.0, 16.0, 2.5 ], "rotation": 180, "autoUv": false }
					}
				},
				{
					"name": "Frame S Front W",
					"from": [ -8.0, -8.0, 1.0 ], 
					"to": [ -7.0, -6.0, 15.0 ], 
					"rotationOrigin": [ -8.0, -8.0, 1.0 ],
					"faces": {
						"north": { "texture": "#cabinet-boreder", "uv": [ 0.0, 0.0, 16.0, 2.5 ], "autoUv": false },
						"east": { "texture": "#cabinet-boreder", "uv": [ 0.0, 0.0, 16.0, 2.5 ], "autoUv": false },
						"south": { "texture": "#cabinet-boreder", "uv": [ 0.5, 0.0, 16.0, 2.5 ], "rotation": 180, "autoUv": false },
						"west": { "texture": "#cabinet-boreder", "uv": [ 0.0, 0.0, 16.0, 2.5 ], "autoUv": false },
						"up": { "texture": "#cabinet-boreder", "uv": [ 0.0, 0.0, 16.0, 2.5 ], "rotation": 90, "autoUv": false },
						"down": { "texture": "#cabinet-boreder", "uv": [ 0.0, 0.0, 16.0, 2.5 ], "rotation": 270, "autoUv": false }
					}
				},
				{
					"name": "Frame S Front N",
					"from": [ -8.0, -8.0, 0.0 ], 
					"to": [ 8.0, -6.0, 1.0 ], 
					"rotationOrigin": [ -8.0, -8.0, 0.0 ],
					"faces": {
						"north": { "texture": "#cabinet-boreder", "uv": [ 0.0, 0.0, 16.0, 2.5 ], "autoUv": false },
						"east": { "texture": "#cabinet-boreder", "uv": [ 0.0, 0.0, 2.5, 2.5 ], "autoUv": false },
						"south": { "texture": "#cabinet-boreder", "uv": [ 0.0, 0.0, 16.0, 2.5 ], "autoUv": false },
						"west": { "texture": "#cabinet-boreder", "uv": [ 0.0, 0.0, 2.5, 2.5 ], "autoUv": false },
						"up": { "texture": "#cabinet-boreder", "uv": [ 0.0, 0.0, 2.5, 2.5 ], "rotation": 90, "autoUv": false },
						"down": { "texture": "#cabinet-boreder", "uv": [ 0.0, 0.0, 16.0, 2.5 ], "rotation": 180, "autoUv": false }
					}
				},
				{
					"name": "Frame S Front E ",
					"from": [ 7.0, -8.0, 1.0 ], 
					"to": [ 8.0, -6.0, 15.0 ], 
					"rotationOrigin": [ 7.0, -8.0, -2.0 ],
					"faces": {
						"north": { "texture": "#cabinet-boreder", "uv": [ 0.0, 0.0, 16.0, 2.5 ], "autoUv": false },
						"east": { "texture": "#cabinet-boreder", "uv": [ 0.0, 0.0, 16.0, 2.5 ], "autoUv": false },
						"south": { "texture": "#cabinet-boreder", "uv": [ 0.0, 0.0, 16.0, 2.5 ], "rotation": 180, "autoUv": false },
						"west": { "texture": "#cabinet-boreder", "uv": [ 0.0, 0.0, 16.0, 2.5 ], "autoUv": false },
						"up": { "texture": "#cabinet-boreder", "uv": [ 0.0, 0.0, 16.0, 2.5 ], "rotation": 90, "autoUv": false },
						"down": { "texture": "#cabinet-boreder", "uv": [ 0.0, 0.0, 16.0, 2.5 ], "rotation": 90, "autoUv": false }
					}
				},
				{
					"name": "Bored L",
					"from": [ 1.0, 6.0, 1.0 ], 
					"to": [ 13.0, 6.4, 14.0 ], 
					"rotationOrigin": [ 1.0, 6.0, 1.0 ],
					"rotationZ": -90.0,
					"faces": {
						"north": { "texture": "#cabinet-boreder", "uv": [ 0.0, 0.0, 16.0, 2.5 ], "autoUv": false },
						"east": { "texture": "#cabinet-boreder", "uv": [ 0.0, 0.0, 16.0, 2.0 ], "autoUv": false },
						"south": { "texture": "#cabinet-boreder", "uv": [ 0.0, 0.0, 16.0, 2.5 ], "autoUv": false },
						"west": { "texture": "#cabinet-boreder", "uv": [ 0.0, 0.0, 16.0, 2.0 ], "autoUv": false },
						"up": { "texture": "#cabinet", "uv": [ 0.0, 0.0, 16.0, 16.0 ], "autoUv": false },
						"down": { "texture": "#cabinet", "uv": [ 0.0, 0.0, 16.0, 16.0 ], "autoUv": false }
					}
				},
				{
					"name": "Bored R",
					"from": [ 1.5, -1.0, 1.0 ], 
					"to": [ 7.0, -0.6, 14.0 ], 
					"rotationOrigin": [ 1.0, -1.0, 1.0 ],
					"faces": {
						"north": { "texture": "#cabinet-boreder", "uv": [ 0.0, 0.0, 5.5, 0.5 ] },
						"east": { "texture": "#cabinet-boreder", "uv": [ 0.0, 0.0, 13.0, 0.5 ] },
						"south": { "texture": "#cabinet-boreder", "uv": [ 0.0, 0.0, 16.0, 2.5 ], "autoUv": false },
						"west": { "texture": "#cabinet-boreder", "uv": [ 0.0, 0.0, 13.0, 0.5 ] },
						"up": { "texture": "#cabinet-detail", "uv": [ 0.0, 0.0, 16.0, 16.0 ], "autoUv": false },
						"down": { "texture": "#cabinet-detail", "uv": [ 0.0, 0.0, 16.0, 16.0 ], "autoUv": false }
					}
				}
			]
		}
	],
	"animations": [
		{
			"name": "lidopen",
			"code": "lidopen",
			"quantityframes": 30,
			"onActivityStopped": "EaseOut",
			"onAnimationEnd": "Hold",
			"keyframes": [
				{
					"frame": 0,
					"elements": {
						"Door": { "rotationX": 0.0, "rotationY": 0.0, "rotationZ": 0.0 }
					}
				},
				{
					"frame": 29,
					"elements": {
						"Door": { "rotationX": 0.0, "rotationY": -112.5, "rotationZ": 0.0 }
					}
				}
			]
		}
	]
}