{
	code: "icebox",
	entityclass: "IceBoxEntity",
	variantgroups: [
		{code:"side","loadFromProperties":"abstract/horizontalorientation"}
	],
	attributes: {
		partialAttachable: true,
		useIce: true,
		useIceCounter: 2,
		preserveBonus: 0.5,
		inventoryClassName: "chest",
		
		types: ["normal-generic"],
		quantitySlots: {"normal-generic": 5},
		storageType: {"normal-generic": 169},
		typedOpenSound: {"normal-generic": "sounds/block/largechestopen"},
		dialogTitleLangCode: {
			"normal-generic": "Ice Chest"
		},
		
		typedCloseSound: {"normal-generic": "sounds/block/largechestclose"}
	},
	behaviors: [{name: "Lockable" }, {name: "Container"},{name:"HorizontalOrientable",properties:{"dropBlockFace":"east"}}],
	creativeinventory: { "general": ["*-east"] },
	blockmaterial: "Metal",
	shape: { base: "block/itemhatch" },
		"shapeByType": {
			"*-north": {
				"base": "block/itemhatch",
				"rotateY": 0
			},
			"*-east": {
				"base": "block/itemhatch",
				"rotateY": 270
			},
			"*-west": {
				"base": "block/itemhatch",
				"rotateY": 90
			},
			"*-south": {
				"base": "block/itemhatch",
				"rotateY": 180
			}
		},
	drawtype: "json",
	texturesByType: {
		"*": {
			all: { base: "block/machinery-tin" },
		},
		
	},
	resistance: 1,
	sideopaque: {
		all: false
	},

	sounds: {
		"place": "game:block/anvil",
		"walk": "game:walk/stone"
	},
	guiTransform: {
		origin: { x: 0.5, y: 0.5, z: 0.5 },
		scale: 1
	}

}