{
	code: "castironoven",
	
	variantgroups: [
		
		{ code:"burnstate", states: ["construct1", "construct2", "construct3", "construct4", "extinct", "lit", "cold"]},
		{code:"side","loadFromProperties":"abstract/horizontalorientation"}
	],
	
	class: "BlockFirepit",
	entityClass: "ModdedFirepit",
	behaviors: [{name: "Container"},
				{name: "Unstable"},
				{name: "Ignitable" },
				{name: "HeatSource" },
				{name:"HorizontalOrientable",properties:{"dropBlockFace":"east"}}
				],
	attributes: {
		"heatModifier": 1.06
	},
	renderpass: "OpaqueNoCull",
	shape: { base: "block/castironoven" },
	"shapeByType": {
        "*-north": {
            "base": "block/castironoven",
            "rotateY": 0
        },
        "*-east": {
            "base": "block/castironoven",
            "rotateY": 270
        },
        "*-west": {
            "base": "block/castironoven",
            "rotateY": 90
        },
        "*-south": {
            "base": "block/castironoven",
            "rotateY": 180
        }},
	creativeinventory: { general: ["*-cold-east"]},
	blockmaterial: "Metal",
	lightAbsorption: 0,
	lightHsvByType: {
		"castironoven-extinct-*": [7, 7, 3],
		"castironoven-lit-*": [7, 7, 16],
	},
	particlePropertiesByType: {
		"castironoven-extinct-*": [
			{
				hsvaColor: [{ avg: 0, var: 0 }, { avg: 0, var: 0 }, { avg: 70, var: 30 },  { avg: 220, var: 50 }],
				opacityEvolve: { transform: "quadratic", factor: -16 },
				gravityEffect: { avg: 0, var: 0 },
				posOffset: [ { avg: 0, var: 0.2 }, { avg: -0.4, var: 0 }, { avg: 0, var: 0.2 }],
				velocity: [ { avg: 0, var: 0.05 }, { avg: 0.1, var: 0.05 }, { avg: 0, var: 0.05 }],
				quantity: { avg: 0.02 },
				size: { avg: 0.3, var: 0.05 },
				sizeEvolve: { transform: "linear", factor: 1.5 },
				particleModel: "Quad",
				windAffectednes: 0.7
			}
		],
		"castironoven-lit-south": [
			{
				"__comment": "Ember cubicles",
				hsvaColor: [{ avg: 30, var: 20 }, { avg: 255, var: 50 }, { avg: 255, var: 50 },  { avg: 255, var: 0 }],
				gravityEffect: { dist: "invexp", avg: -0.1, var: 0.4 },
				posOffset: [ { avg: 0, var: 0.2 }, { avg: -0.4, var: 0 }, { avg: 0, var: 0.2 }],
				velocity: [ { avg: 0, var: 0.15 }, { avg: 0.5, var: 0.1 }, { avg: 0, var: 0.15 }],
				quantity: { avg: 0.015 },
				size: { avg: 0.4, var: 0 },
				sizeEvolve: { transform: "quadratic", factor: -0.7 },
				lifeLength: { avg: 1.5 },
				vertexFlags: 128,
				windAffectednes: 0.2
			},
			{
				"__comment": "Smoke quads",
				hsvaColor: [{ avg: 0, var: 0 }, { avg: 0, var: 0 }, { avg: 220, var: 30 },  { avg: 220, var: 50 }],
				opacityEvolve: { transform: "linear", factor: -255 },
				gravityEffect: { avg: 0, var: 0 },
				posOffset: [ { avg: 0.29, var: 0.1 }, { avg: -0.05, var: 0 }, { avg: 0.5, var: 0.1 }],
				velocity: [ { avg: 0, var: 0.025 }, { avg: 0.2, var: 0.05 }, { avg: 0, var: 0.025 }],
				quantity: { avg: 0.1 },
				size: { avg: 0.3, var: 0.05 },
				sizeEvolve: { transform: "linear", factor: 1.5 },
				particleModel: "Quad",
				lifeLength: { avg: 18 },
				selfPropelled: true,
				windAffectednes: 0.1
			},
			{
				"__comment": "Fire quads",
				hsvaColor: [{ avg: 20, var: 20 }, { avg: 255, var: 50 }, { avg: 255, var: 50 },  { avg: 255, var: 0 }],
				opacityEvolve: { transform: "quadratic", factor: -16 },
				gravityEffect: { avg: 0, var: 0 },
				posOffset: [ { avg: 0, var: 0.2 }, { avg: -0.9, var: 0 }, { avg: 0, var: 0.2 }],
				velocity: [ { avg: 0, var: 0.1 }, { avg: 0.125, var: 0.05 }, { avg: 0, var: 0.1 }],
				quantity: { avg: 0.2 },
				size: { avg: 0.15, var: 0.05 },
				lifeLength: { avg: 0.25 },
				sizeEvolve: { transform: "linear", factor: 0.5 },
				particleModel: "Quad",
				vertexFlags: 128,
				windAffectednes: 0
			}
		],
		"castironoven-lit-north": [
			{
				"__comment": "Ember cubicles",
				hsvaColor: [{ avg: 30, var: 20 }, { avg: 255, var: 50 }, { avg: 255, var: 50 },  { avg: 255, var: 0 }],
				gravityEffect: { dist: "invexp", avg: -0.1, var: 0.4 },
				posOffset: [ { avg: 0, var: 0.2 }, { avg: -0.4, var: 0 }, { avg: 0, var: 0.2 }],
				velocity: [ { avg: 0, var: 0.15 }, { avg: 0.5, var: 0.1 }, { avg: 0, var: 0.15 }],
				quantity: { avg: 0.015 },
				size: { avg: 0.4, var: 0 },
				sizeEvolve: { transform: "quadratic", factor: -0.7 },
				lifeLength: { avg: 1.5 },
				vertexFlags: 128,
				windAffectednes: 0.2
			},
			{
				"__comment": "Smoke quads",
				hsvaColor: [{ avg: 0, var: 0 }, { avg: 0, var: 0 }, { avg: 220, var: 30 },  { avg: 220, var: 50 }],
				opacityEvolve: { transform: "linear", factor: -255 },
				gravityEffect: { avg: 0, var: 0 },
				posOffset: [ { avg: -0.29, var: 0.1 }, { avg: -0.05, var: 0 }, { avg: -0.5, var: 0.1 }],
				velocity: [ { avg: 0, var: 0.025 }, { avg: 0.2, var: 0.05 }, { avg: 0, var: 0.025 }],
				quantity: { avg: 0.1 },
				size: { avg: 0.3, var: 0.05 },
				sizeEvolve: { transform: "linear", factor: 1.5 },
				particleModel: "Quad",
				lifeLength: { avg: 18 },
				selfPropelled: true,
				windAffectednes: 0.1
			},
			{
				"__comment": "Fire quads",
				hsvaColor: [{ avg: 20, var: 20 }, { avg: 255, var: 50 }, { avg: 255, var: 50 },  { avg: 255, var: 0 }],
				opacityEvolve: { transform: "quadratic", factor: -16 },
				gravityEffect: { avg: 0, var: 0 },
				posOffset: [ { avg: 0, var: 0.2 }, { avg: -0.9, var: 0 }, { avg: 0, var: 0.2 }],
				velocity: [ { avg: 0, var: 0.1 }, { avg: 0.125, var: 0.05 }, { avg: 0, var: 0.1 }],
				quantity: { avg: 0.2 },
				size: { avg: 0.15, var: 0.05 },
				lifeLength: { avg: 0.25 },
				sizeEvolve: { transform: "linear", factor: 0.5 },
				particleModel: "Quad",
				vertexFlags: 128,
				windAffectednes: 0
			}
		],
		"castironoven-lit-east": [
			{
				"__comment": "Ember cubicles",
				hsvaColor: [{ avg: 30, var: 20 }, { avg: 255, var: 50 }, { avg: 255, var: 50 },  { avg: 255, var: 0 }],
				gravityEffect: { dist: "invexp", avg: -0.1, var: 0.4 },
				posOffset: [ { avg: 0, var: 0.2 }, { avg: -0.4, var: 0 }, { avg: 0, var: 0.2 }],
				velocity: [ { avg: 0, var: 0.15 }, { avg: 0.5, var: 0.1 }, { avg: 0, var: 0.15 }],
				quantity: { avg: 0.015 },
				size: { avg: 0.4, var: 0 },
				sizeEvolve: { transform: "quadratic", factor: -0.7 },
				lifeLength: { avg: 1.5 },
				vertexFlags: 128,
				windAffectednes: 0.2
			},
			{
				"__comment": "Smoke quads",
				hsvaColor: [{ avg: 0, var: 0 }, { avg: 0, var: 0 }, { avg: 220, var: 30 },  { avg: 220, var: 50 }],
				opacityEvolve: { transform: "linear", factor: -255 },
				gravityEffect: { avg: 0, var: 0 },
				posOffset: [ { avg: 0.5, var: 0.1 }, { avg: -0.05, var: 0 }, { avg: -0.29, var: 0.1 }],
				velocity: [ { avg: 0, var: 0.025 }, { avg: 0.2, var: 0.05 }, { avg: 0, var: 0.025 }],
				quantity: { avg: 0.1 },
				size: { avg: 0.3, var: 0.05 },
				sizeEvolve: { transform: "linear", factor: 1.5 },
				particleModel: "Quad",
				lifeLength: { avg: 18 },
				selfPropelled: true,
				windAffectednes: 0.1
			},
			{
				"__comment": "Fire quads",
				hsvaColor: [{ avg: 20, var: 20 }, { avg: 255, var: 50 }, { avg: 255, var: 50 },  { avg: 255, var: 0 }],
				opacityEvolve: { transform: "quadratic", factor: -16 },
				gravityEffect: { avg: 0, var: 0 },
				posOffset: [ { avg: 0, var: -0.2 }, { avg: -0.9, var: 0 }, { avg: 0, var: -0.2 }],
				velocity: [ { avg: 0, var: 0.1 }, { avg: 0.125, var: 0.05 }, { avg: 0, var: 0.1 }],
				quantity: { avg: 0.2 },
				size: { avg: 0.15, var: 0.05 },
				lifeLength: { avg: 0.25 },
				sizeEvolve: { transform: "linear", factor: 0.5 },
				particleModel: "Quad",
				vertexFlags: 128,
				windAffectednes: 0
			}
		],
		"castironoven-lit-west": [
			{
				"__comment": "Ember cubicles",
				hsvaColor: [{ avg: 30, var: 20 }, { avg: 255, var: 50 }, { avg: 255, var: 50 },  { avg: 255, var: 0 }],
				gravityEffect: { dist: "invexp", avg: -0.1, var: 0.4 },
				posOffset: [ { avg: 0, var: 0.2 }, { avg: -0.4, var: 0 }, { avg: 0, var: 0.2 }],
				velocity: [ { avg: 0, var: 0.15 }, { avg: 0.5, var: 0.1 }, { avg: 0, var: 0.15 }],
				quantity: { avg: 0.015 },
				size: { avg: 0.4, var: 0 },
				sizeEvolve: { transform: "quadratic", factor: -0.7 },
				lifeLength: { avg: 1.5 },
				vertexFlags: 128,
				windAffectednes: 0.2
			},
			{
				"__comment": "Smoke quads",
				hsvaColor: [{ avg: 0, var: 0 }, { avg: 0, var: 0 }, { avg: 220, var: 30 },  { avg: 220, var: 50 }],
				opacityEvolve: { transform: "linear", factor: -255 },
				gravityEffect: { avg: 0, var: 0 },
				posOffset: [ { avg: -0.5, var: 0.1 }, { avg: -0.05, var: 0 }, { avg: 0.29, var: 0.1 }],
				velocity: [ { avg: 0, var: 0.025 }, { avg: 0.2, var: 0.05 }, { avg: 0, var: 0.025 }],
				quantity: { avg: 0.1 },
				size: { avg: 0.3, var: 0.05 },
				sizeEvolve: { transform: "linear", factor: 1.5 },
				particleModel: "Quad",
				lifeLength: { avg: 18 },
				selfPropelled: true,
				windAffectednes: 0.1
			},
			{
				"__comment": "Fire quads",
				hsvaColor: [{ avg: 20, var: 20 }, { avg: 255, var: 50 }, { avg: 255, var: 50 },  { avg: 255, var: 0 }],
				opacityEvolve: { transform: "quadratic", factor: -16 },
				gravityEffect: { avg: 0, var: 0 },
				posOffset: [ { avg: 0, var: 0.2 }, { avg: -0.9, var: 0 }, { avg: 0, var: 0.2 }],
				velocity: [ { avg: 0, var: 0.1 }, { avg: 0.125, var: 0.05 }, { avg: 0, var: 0.1 }],
				quantity: { avg: 0.2 },
				size: { avg: 0.15, var: 0.05 },
				lifeLength: { avg: 0.25 },
				sizeEvolve: { transform: "linear", factor: 0.5 },
				particleModel: "Quad",
				vertexFlags: 128,
				windAffectednes: 0
			}
		]
	},
	sidesolid: {
		all: false
	},
	sideopaque: {
		all: false
	},
	replaceable: 10,
	resistance: 2.5,
	
	drops: [
		{ type: "block", code: "block/castironoven-cold-east" }
	],
	
	materialDensity: 600,

	sounds: {
		"place": "block/anvil",
		"hit": "block/anvil",
		"break": "block/anvil"
	},
}