{
	code: "mid",
	class: "BlockGenericTypedContainer",
	entityclass: "GenericTypedContainer",
	attributes: {
		partialAttachable: true,
		inventoryClassName: "chest",
		defaultType: "cabinet-acacia",
		types: ["cabinet-acacia"],
		rotatatableInterval: {
			"cabinet-acacia":  "22.5degnot45deg",
		},
		drop: {
			"cabinet-acacia": true,
		},
		quantitySlots: {
			"cabinet-acacia": 10,
		},
		dialogTitleLangCode: {
			"cabinet-acacia": "Mid Kitchen Cabinet",
		},
		storageType: {
			"cabinet-acacia": 167,
		},
		retrieveOnly: {
			"cabinet-acacia": false,
		},
		shape: {
			"cabinet-acacia": "block/wood/cabinet/mid/cabinet-normal",
		},
		typedOpenSound: {
			"cabinet-acacia": "sounds/block/largechestopen",
		},
		typedCloseSound: {
			"cabinet-acacia": "sounds/block/largechestclose",
		},
		variantByGroup: "side",
		variantByGroupInventory: null
	},
	behaviors: [{name: "Lockable" }, {name: "Container"}],
	entityBehaviors: [{ name: "Animatable" }],
	variantgroups: [
		{ code:"side", loadFromProperties: "abstract/horizontalorientation" }
	],
	creativeinventory: {  },
	creativeinventoryStacksByType: {
		"*-east": [
			{
				tabs: [ "general", "decorative" ],
				stacks: [
					{ type: "block", code: "mid-east", attributes: { type: "cabinet-acacia" } },
				]
			}
		]
	},
	heldTpIdleAnimation: "holdunderarm",
	shapeInventory: { base: "block/wood/cabinet/mid/cabinet-normal", rotateY: 270 },
	shapeByType: {
		"*-north": { base: "block/wood/cabinet/mid/cabinet-normal", rotateY: 0 },
		"*-east": { base: "block/wood/cabinet/mid/cabinet-normal", rotateY: 270 },
		"*-west": { base: "block/wood/cabinet/mid/cabinet-normal", rotateY: 90 },
		"*-south": { base: "block/wood/cabinet/mid/cabinet-normal", rotateY: 180 },
	},
	"_comment": "Must declare textures so they get added to the block texture atlas",
		"textures": {
		"cabinet-acacia-countertop": { base: "block/stone/whitemarble" },
		"cabinet-acacia-countertop-border": { base: "block/stone/whitemarble-border"},
		"cabinet-acacia-cabinet": { base: "block/wood/acacia/cabinet"},
		"cabinet-acacia-shinybrass": { base: "block/metal/shinybrass"},
		"cabinet-acacia-cabinet-boreder": { base:  "block/wood/acacia/cabinet-boreder"},
		"cabinet-acacia-cabinet-detail": { base: "block/wood/acacia/cabinet-detail"},
	},
	blockmaterial: "Wood",
	replaceable: 900,
	resistance: 3,
	lightAbsorption: 0,
	sideAo: { all: false },
	sidesolid: {
		all: false
	},
	sideopaque: {
		all: false
	},
	combustibleProps: {
		burnTemperature: 600,
		burnDuration: 35,
	},
	sounds: {
		"place": "block/planks",
		"hit": "block/planks",
		"break": "block/planks",
		"walk": "walk/wood"
	},
	materialDensity: 600,
	tpHandTransform: {
		translation: { x: -2, y: -0.5, z: -1 },
		rotation: { x: 0, y: 180, z: 0 },
		origin: { x: 0.7, y: 0.4, z: 0.6 },
		scale: 0.31
	},
	guiTransform: {
		translation: { x: 0, y: 3, z: 0 },
		rotation: { x: -22.6, y: -55, z: 0 },
		origin: { x: 0.5, y: 0.4, z: 0.5 },
		scale: 1.03
	}
}