{
	code: "lower",
	class: "BlockGenericTypedContainer",
	entityclass: "GenericTypedContainer",
	maxStackSize: 16,
	attributes: {
		partialAttachable: true,
		inventoryClassName: "chest",
		defaultType: "oak-cabinet-whitemarble",
		types: 
		[
		"oak-cabinet",
		"oak-cabinet-whitemarble",
		"oak-cabinet-whitemarble-fullplane-1",
		"oak-cabinet-whitemarble-halfplane-1",
		"oak-cabinet-whitemarble-fourplane-1",
		"oak-cabinet-shale",
		"oak-cabinet-shale-fullplane-1",
		"oak-cabinet-shale-halfplane-1",
		"oak-cabinet-shale-fourplane-1",
		"acacia-cabinet",
		"acacia-cabinet-whitemarble",
		"acacia-cabinet-whitemarble-fullplane-1",
		"acacia-cabinet-whitemarble-halfplane-1",
		"acacia-cabinet-whitemarble-fourplane-1",
		"acacia-cabinet-shale",
		"acacia-cabinet-shale-fullplane-1",
		"acacia-cabinet-shale-halfplane-1",
		"acacia-cabinet-shale-fourplane-1",
		"maple-cabinet",
		"maple-cabinet-whitemarble",
		"maple-cabinet-whitemarble-fullplane-1",
		"maple-cabinet-whitemarble-halfplane-1",
		"maple-cabinet-whitemarble-fourplane-1",
		"maple-cabinet-shale",
		"maple-cabinet-shale-fullplane-1",
		"maple-cabinet-shale-halfplane-1",
		"maple-cabinet-shale-fourplane-1"
		],
		rotatatableInterval: {
		"oak-cabinet": "22.5degnot45deg",
		"oak-cabinet-whitemarble":  "22.5degnot45deg",
		"oak-cabinet-whitemarble-fullplane-1":  "22.5degnot45deg",
		"oak-cabinet-whitemarble-halfplane-1":  "22.5degnot45deg",
		"oak-cabinet-whitemarble-fourplane-1":  "22.5degnot45deg",
		
		"oak-cabinet-shale":  "22.5degnot45deg",
		"oak-cabinet-shale-fullplane-1":  "22.5degnot45deg",
		"oak-cabinet-shale-halfplane-1":  "22.5degnot45deg",
		"oak-cabinet-shale-fourplane-1":  "22.5degnot45deg",
			
		"acacia-cabinet": "22.5degnot45deg",
		"acacia-cabinet-whitemarble":  "22.5degnot45deg",
		"acacia-cabinet-whitemarble-fullplane-1":  "22.5degnot45deg",
		"acacia-cabinet-whitemarble-halfplane-1":  "22.5degnot45deg",
		"acacia-cabinet-whitemarble-fourplane-1":  "22.5degnot45deg",
		
		"acacia-cabinet-shale":  "22.5degnot45deg",
		"acacia-cabinet-shale-fullplane-1":  "22.5degnot45deg",
		"acacia-cabinet-shale-halfplane-1":  "22.5degnot45deg",
		"acacia-cabinet-shale-fourplane-1":  "22.5degnot45deg",
		
		"maple-cabinet": "22.5degnot45deg",
		"maple-cabinet-whitemarble":  "22.5degnot45deg",
		"maple-cabinet-whitemarble-fullplane-1":  "22.5degnot45deg",
		"maple-cabinet-whitemarble-halfplane-1":  "22.5degnot45deg",
		"maple-cabinet-whitemarble-fourplane-1":  "22.5degnot45deg",
		
		"maple-cabinet-shale":  "22.5degnot45deg",
		"maple-cabinet-shale-fullplane-1":  "22.5degnot45deg",
		"maple-cabinet-shale-halfplane-1":  "22.5degnot45deg",
		"maple-cabinet-shale-fourplane-1":  "22.5degnot45deg",
		},
		drop: {
		"oak-cabinet": true,
		"oak-cabinet-whitemarble":  true,
		"oak-cabinet-whitemarble-fullplane-1":  true,
		"oak-cabinet-whitemarble-halfplane-1":  true,
		"oak-cabinet-whitemarble-fourplane-1":  true,
		
		"oak-cabinet-shale":  true,
		"oak-cabinet-shale-fullplane-1":  true,
		"oak-cabinet-shale-halfplane-1":  true,
		"oak-cabinet-shale-fourplane-1":  true,
			
		"acacia-cabinet": true,
		"acacia-cabinet-whitemarble":  true,
		"acacia-cabinet-whitemarble-fullplane-1": true,
		"acacia-cabinet-whitemarble-halfplane-1":  true,
		"acacia-cabinet-whitemarble-fourplane-1":  true,
		
		"acacia-cabinet-shale":  true,
		"acacia-cabinet-shale-fullplane-1":  true,
		"acacia-cabinet-shale-halfplane-1":  true,
		"acacia-cabinet-shale-fourplane-1":  true,
		
		"maple-cabinet": true,
		"maple-cabinet-whitemarble":  true,
		"maple-cabinet-whitemarble-fullplane-1": true,
		"maple-cabinet-whitemarble-halfplane-1":  true,
		"maple-cabinet-whitemarble-fourplane-1":  true,
		
		"maple-cabinet-shale":  true,
		"maple-cabinet-shale-fullplane-1":  true,
		"maple-cabinet-shale-halfplane-1":  true,
		"maple-cabinet-shale-fourplane-1":  true,
		},
		quantitySlots: {
		"oak-cabinet": 10,
		"oak-cabinet-whitemarble":  10,
		"oak-cabinet-whitemarble-fullplane-1":  10,
		"oak-cabinet-whitemarble-halfplane-1":  10,
		"oak-cabinet-whitemarble-fourplane-1":  10,
		
		"oak-cabinet-shale":  10,
		"oak-cabinet-shale-fullplane-1":  10,
		"oak-cabinet-shale-halfplane-1":  10,
		"oak-cabinet-shale-fourplane-1":  10,
			
		"acacia-cabinet": 10,
		"acacia-cabinet-whitemarble":  10,
		"acacia-cabinet-whitemarble-fullplane-1": 10,
		"acacia-cabinet-whitemarble-halfplane-1":  10,
		"acacia-cabinet-whitemarble-fourplane-1":  10,
		
		"acacia-cabinet-shale":  10,
		"acacia-cabinet-shale-fullplane-1":  10,
		"acacia-cabinet-shale-halfplane-1":  10,
		"acacia-cabinet-shale-fourplane-1":  10,
		
		"maple-cabinet": 10,
		"maple-cabinet-whitemarble":  10,
		"maple-cabinet-whitemarble-fullplane-1": 10,
		"maple-cabinet-whitemarble-halfplane-1":  10,
		"maple-cabinet-whitemarble-fourplane-1":  10,
		
		"maple-cabinet-shale":  10,
		"maple-cabinet-shale-fullplane-1":  10,
		"maple-cabinet-shale-halfplane-1":  10,
		"maple-cabinet-shale-fourplane-1":  10,
		},
		dialogTitleLangCode: {
		"oak-cabinet": "Lower Kitchen Cabinet",
		"oak-cabinet-whitemarble":  "Lower Kitchen Cabinet",
		"oak-cabinet-whitemarble-fullplane-1":  "Lower Kitchen Cabinet",
		"oak-cabinet-whitemarble-halfplane-1":  "Lower Kitchen Cabinet",
		"oak-cabinet-whitemarble-fourplane-1":  "Lower Kitchen Cabinet",
		
		"oak-cabinet-shale":  "Lower Kitchen Cabinet",
		"oak-cabinet-shale-fullplane-1":  "Lower Kitchen Cabinet",
		"oak-cabinet-shale-halfplane-1":  "Lower Kitchen Cabinet",
		"oak-cabinet-shale-fourplane-1":  "Lower Kitchen Cabinet",
			
		"acacia-cabinet": "Lower Kitchen Cabinet",
		"acacia-cabinet-whitemarble":  "Lower Kitchen Cabinet",
		"acacia-cabinet-whitemarble-fullplane-1":  "Lower Kitchen Cabinet",
		"acacia-cabinet-whitemarble-halfplane-1":  "Lower Kitchen Cabinet",
		"acacia-cabinet-whitemarble-fourplane-1":  "Lower Kitchen Cabinet",
		
		"acacia-cabinet-shale":  "Lower Kitchen Cabinet",
		"acacia-cabinet-shale-fullplane-1":  "Lower Kitchen Cabinet",
		"acacia-cabinet-shale-halfplane-1":  "Lower Kitchen Cabinet",
		"acacia-cabinet-shale-fourplane-1":  "Lower Kitchen Cabinet",
		
		"maple-cabinet": "Lower Kitchen Cabinet",
		"maple-cabinet-whitemarble":  "Lower Kitchen Cabinet",
		"maple-cabinet-whitemarble-fullplane-1":  "Lower Kitchen Cabinet",
		"maple-cabinet-whitemarble-halfplane-1":  "Lower Kitchen Cabinet",
		"maple-cabinet-whitemarble-fourplane-1":  "Lower Kitchen Cabinet",
		
		"maple-cabinet-shale":  "Lower Kitchen Cabinet",
		"maple-cabinet-shale-fullplane-1":  "Lower Kitchen Cabinet",
		"maple-cabinet-shale-halfplane-1":  "Lower Kitchen Cabinet",
		"maple-cabinet-shale-fourplane-1":  "Lower Kitchen Cabinet",
		},
		storageType: {
		"oak-cabinet": 189,
		"oak-cabinet-whitemarble":  189,
		"oak-cabinet-whitemarble-fullplane-1":  189,
		"oak-cabinet-whitemarble-halfplane-1":  189,
		"oak-cabinet-whitemarble-fourplane-1":  189,
		
		"oak-cabinet-shale":  189,
		"oak-cabinet-shale-fullplane-1":  189,
		"oak-cabinet-shale-halfplane-1":  189,
		"oak-cabinet-shale-fourplane-1":  189,
			
		"acacia-cabinet": 189,
		"acacia-cabinet-whitemarble":  189,
		"acacia-cabinet-whitemarble-fullplane-1": 189,
		"acacia-cabinet-whitemarble-halfplane-1":  189,
		"acacia-cabinet-whitemarble-fourplane-1":  189,
		
		"acacia-cabinet-shale":  189,
		"acacia-cabinet-shale-fullplane-1":  189,
		"acacia-cabinet-shale-halfplane-1":  189,
		"acacia-cabinet-shale-fourplane-1":  189,
		
		"maple-cabinet": 189,
		"maple-cabinet-whitemarble":  189,
		"maple-cabinet-whitemarble-fullplane-1": 189,
		"maple-cabinet-whitemarble-halfplane-1":  189,
		"maple-cabinet-whitemarble-fourplane-1":  189,
		
		"maple-cabinet-shale":  189,
		"maple-cabinet-shale-fullplane-1":  189,
		"maple-cabinet-shale-halfplane-1":  189,
		"maple-cabinet-shale-fourplane-1":  189,
		},
		retrieveOnly: {
		"oak-cabinet": false,
		"oak-cabinet-whitemarble":  false,
		"oak-cabinet-whitemarble-fullplane-1":  false,
		"oak-cabinet-whitemarble-halfplane-1":  false,
		"oak-cabinet-whitemarble-fourplane-1":  false,
		
		"oak-cabinet-shale":  false,
		"oak-cabinet-shale-fullplane-1":  false,
		"oak-cabinet-shale-halfplane-1":  false,
		"oak-cabinet-shale-fourplane-1":  false,
			
		"acacia-cabinet": false,
		"acacia-cabinet-whitemarble":  false,
		"acacia-cabinet-whitemarble-fullplane-1": false,
		"acacia-cabinet-whitemarble-halfplane-1":  false,
		"acacia-cabinet-whitemarble-fourplane-1":  false,
		
		"acacia-cabinet-shale":  false,
		"acacia-cabinet-shale-fullplane-1":  false,
		"acacia-cabinet-shale-halfplane-1":  false,
		"acacia-cabinet-shale-fourplane-1":  false,
		
		
		},
		shape: {
			"oak-cabinet": "block/wood/cabinet/lower/oak/nocountertop/cabinet-oak-normal",
			"oak-cabinet-whitemarble": "block/wood/cabinet/lower/oak/whitemarble/cabinet-whitemarble-normal",
			"oak-cabinet-whitemarble-fullplane-1": "block/wood/cabinet/lower/oak/whitemarble/glass/fullplane/cabinet-whitemarble-normal",
			"oak-cabinet-whitemarble-halfplane-1": "block/wood/cabinet/lower/oak/whitemarble/glass/halfplane/cabinet-whitemarble-normal",
			"oak-cabinet-whitemarble-fourplane-1": "block/wood/cabinet/lower/oak/whitemarble/glass/fourplane/cabinet-whitemarble-normal",
			
			"oak-cabinet-shale": "block/wood/cabinet/lower/oak/shale/cabinet-shale-normal",
			"oak-cabinet-shale-fullplane-1": "block/wood/cabinet/lower/oak/shale/glass/fullplane/cabinet-shale-normal",
			"oak-cabinet-shale-halfplane-1": "block/wood/cabinet/lower/oak/shale/glass/halfplane/cabinet-shale-normal",
			"oak-cabinet-shale-fourplane-1": "block/wood/cabinet/lower/oak/shale/glass/fourplane/cabinet-shale-normal",
			
			"acacia-cabinet": "block/wood/cabinet/lower/acacia/nocountertop/cabinet-acacia-normal",
			"acacia-cabinet-whitemarble": "block/wood/cabinet/lower/acacia/whitemarble/cabinet-whitemarble-normal",
			"acacia-cabinet-whitemarble-fullplane-1": "block/wood/cabinet/lower/acacia/whitemarble/glass/fullplane/cabinet-whitemarble-normal",
			"acacia-cabinet-whitemarble-halfplane-1": "block/wood/cabinet/lower/acacia/whitemarble/glass/halfplane/cabinet-whitemarble-normal",
			"acacia-cabinet-whitemarble-fourplane-1": "block/wood/cabinet/lower/acacia/whitemarble/glass/fourplane/cabinet-whitemarble-normal",
			
			"acacia-cabinet-shale": "block/wood/cabinet/lower/acacia/shale/cabinet-shale-normal",
			"acacia-cabinet-shale-fullplane-1": "block/wood/cabinet/lower/acacia/shale/glass/fullplane/cabinet-shale-normal",
			"acacia-cabinet-shale-halfplane-1": "block/wood/cabinet/lower/acacia/shale/glass/halfplane/cabinet-shale-normal",
			"acacia-cabinet-shale-fourplane-1": "block/wood/cabinet/lower/acacia/shale/glass/fourplane/cabinet-shale-normal",
			
			"maple-cabinet": "block/wood/cabinet/lower/maple/nocountertop/cabinet-maple-normal",
			"maple-cabinet-whitemarble": "block/wood/cabinet/lower/maple/whitemarble/cabinet-whitemarble-normal",
			"maple-cabinet-whitemarble-fullplane-1": "block/wood/cabinet/lower/maple/whitemarble/glass/fullplane/cabinet-whitemarble-normal",
			"maple-cabinet-whitemarble-halfplane-1": "block/wood/cabinet/lower/maple/whitemarble/glass/halfplane/cabinet-whitemarble-normal",
			"maple-cabinet-whitemarble-fourplane-1": "block/wood/cabinet/lower/maple/whitemarble/glass/fourplane/cabinet-whitemarble-normal",
			
			"maple-cabinet-shale": "block/wood/cabinet/lower/maple/shale/cabinet-shale-normal",
			"maple-cabinet-shale-fullplane-1": "block/wood/cabinet/lower/maple/shale/glass/fullplane/cabinet-shale-normal",
			"maple-cabinet-shale-halfplane-1": "block/wood/cabinet/lower/maple/shale/glass/halfplane/cabinet-shale-normal",
			"maple-cabinet-shale-fourplane-1": "block/wood/cabinet/lower/maple/shale/glass/fourplane/cabinet-shale-normal",
		},
		typedOpenSound: {
			"oak-cabinet": "sounds/block/largechestopen",
			"oak-cabinet-whitemarble": "sounds/block/largechestopen",
			"oak-cabinet-whitemarble-fullplane-1": "sounds/block/largechestopen",
			"oak-cabinet-whitemarble-halfplane-1": "sounds/block/largechestopen",
			"oak-cabinet-whitemarble-fourplane-1": "sounds/block/largechestopen",
			
			"oak-cabinet-shale": "sounds/block/largechestopen",
			"oak-cabinet-shale-fullplane-1": "sounds/block/largechestopen",
			"oak-cabinet-shale-fullplane-1": "sounds/block/largechestopen",
			"oak-cabinet-shale-fourplane-1": "sounds/block/largechestopen",
			
			"acacia-cabinet": "sounds/block/largechestopen",
			"acacia-cabinet-whitemarble": "sounds/block/largechestopen",
			"acacia-cabinet-whitemarble-fullplane-1": "sounds/block/largechestopen",
			"acacia-cabinet-whitemarble-halfplane-1": "sounds/block/largechestopen",
			"acacia-cabinet-whitemarble-fourplane-1": "sounds/block/largechestopen",
			
			"acacia-cabinet-shale": "sounds/block/largechestopen",
			"acacia-cabinet-shale-fullplane-1": "sounds/block/largechestopen",
			"acacia-cabinet-shale-halfplane-1": "sounds/block/largechestopen",
			"acacia-cabinet-shale-fourplane-1": "sounds/block/largechestopen",
			
			
			"maple-cabinet": "sounds/block/largechestopen",
			"maple-cabinet-whitemarble": "sounds/block/largechestopen",
			"maple-cabinet-whitemarble-fullplane-1": "sounds/block/largechestopen",
			"maple-cabinet-whitemarble-halfplane-1": "sounds/block/largechestopen",
			"maple-cabinet-whitemarble-fourplane-1": "sounds/block/largechestopen",
			
			"maple-cabinet-shale": "sounds/block/largechestopen",
			"maple-cabinet-shale-fullplane-1": "sounds/block/largechestopen",
			"maple-cabinet-shale-halfplane-1": "sounds/block/largechestopen",
			"maple-cabinet-shale-fourplane-1": "sounds/block/largechestopen",
		},
		typedCloseSound: {
			"oak-cabinet": "sounds/block/largechestclose",
			"oak-cabinet-whitemarble": "sounds/block/largechestclose",
			"oak-cabinet-whitemarble-fullplane-1": "sounds/block/largechestclose",
			"oak-cabinet-whitemarble-halfplane-1": "sounds/block/largechestclose",
			"oak-cabinet-shale-fourplane-1": "sounds/block/largechestclose",
			
			"oak-cabinet-shale": "sounds/block/largechestclose",
			"oak-cabinet-shale-fullplane-1": "sounds/block/largechestclose",
			"oak-cabinet-shale-fullplane-1": "sounds/block/largechestclose",
			"oak-cabinet-shale-fourplane-1": "sounds/block/largechestclose",
			
			"acacia-cabinet": "sounds/block/largechestclose",
			"acacia-cabinet-whitemarble": "sounds/block/largechestclose",
			"acacia-cabinet-whitemarble-fullplane-1": "sounds/block/largechestclose",
			"acacia-cabinet-whitemarble-halfplane-1": "sounds/block/largechestclose",
			"acacia-cabinet-whitemarble-fourplane-1": "sounds/block/largechestclose",
			
			"acacia-cabinet-shale": "sounds/block/largechestclose",
			"acacia-cabinet-shale-fullplane-1": "sounds/block/largechestclose",
			"acacia-cabinet-shale-halfplane-1": "sounds/block/largechestclose",
			"acacia-cabinet-shale-fourplane-1": "sounds/block/largechestclose",
			
			"maple-cabinet": "sounds/block/largechestclose",
			"maple-cabinet-whitemarble": "sounds/block/largechestclose",
			"maple-cabinet-whitemarble-fullplane-1": "sounds/block/largechestclose",
			"maple-cabinet-whitemarble-halfplane-1": "sounds/block/largechestclose",
			"maple-cabinet-whitemarble-fourplane-1": "sounds/block/largechestclose",
			
			"maple-cabinet-shale": "sounds/block/largechestclose",
			"maple-cabinet-shale-fullplane-1": "sounds/block/largechestclose",
			"maple-cabinet-shale-halfplane-1": "sounds/block/largechestclose",
			"maple-cabinet-shale-fourplane-1": "sounds/block/largechestclose",
		},
		variantByGroup: "side",
		variantByGroupInventory: null
	},
	behaviors: [{name: "Lockable" }, {name: "Container"}],
	entityBehaviors: [{ name: "Animatable" }],
	variantgroups: [
		{ code:"side", loadFromProperties: "abstract/horizontalorientation" }
	],
	creativeinventory: {  },
	creativeinventoryStacksByType: {
		"*-east": [
			{
				tabs: [ "general", "decorative" ],
				stacks: [
					{ type: "block", code: "lower-east", attributes: { type: "oak-cabinet" } },
					{ type: "block", code: "lower-east", attributes: { type: "oak-cabinet-whitemarble" } },
					{ type: "block", code: "lower-east", attributes: { type: "oak-cabinet-whitemarble-fullplane-1" } },
					{ type: "block", code: "lower-east", attributes: { type: "oak-cabinet-whitemarble-halfplane-1" } },
					{ type: "block", code: "lower-east", attributes: { type: "oak-cabinet-whitemarble-fourplane-1" } },
					
					{ type: "block", code: "lower-east", attributes: { type: "oak-cabinet-shale" } },
					{ type: "block", code: "lower-east", attributes: { type: "oak-cabinet-shale-fullplane-1" } },
					{ type: "block", code: "lower-east", attributes: { type: "oak-cabinet-shale-halfplane-1" } },
					{ type: "block", code: "lower-east", attributes: { type: "oak-cabinet-shale-fourplane-1" } },
					
					{ type: "block", code: "lower-east", attributes: { type: "acacia-cabinet" } },
					{ type: "block", code: "lower-east", attributes: { type: "acacia-cabinet-whitemarble" } },
					{ type: "block", code: "lower-east", attributes: { type: "acacia-cabinet-whitemarble-fullplane-1" } },
					{ type: "block", code: "lower-east", attributes: { type: "acacia-cabinet-whitemarble-halfplane-1" } },
					{ type: "block", code: "lower-east", attributes: { type: "acacia-cabinet-whitemarble-fourplane-1" } },
					
					{ type: "block", code: "lower-east", attributes: { type: "acacia-cabinet-shale" } },
					{ type: "block", code: "lower-east", attributes: { type: "acacia-cabinet-shale-fullplane-1" } },
					{ type: "block", code: "lower-east", attributes: { type: "acacia-cabinet-shale-halfplane-1" } },
					{ type: "block", code: "lower-east", attributes: { type: "acacia-cabinet-shale-fourplane-1" } },
					
					{ type: "block", code: "lower-east", attributes: { type: "maple-cabinet" } },
					{ type: "block", code: "lower-east", attributes: { type: "maple-cabinet-whitemarble" } },
					{ type: "block", code: "lower-east", attributes: { type: "maple-cabinet-whitemarble-fullplane-1" } },
					{ type: "block", code: "lower-east", attributes: { type: "maple-cabinet-whitemarble-halfplane-1" } },
					{ type: "block", code: "lower-east", attributes: { type: "maple-cabinet-whitemarble-fourplane-1" } },
					
					{ type: "block", code: "lower-east", attributes: { type: "maple-cabinet-shale" } },
					{ type: "block", code: "lower-east", attributes: { type: "maple-cabinet-shale-fullplane-1" } },
					{ type: "block", code: "lower-east", attributes: { type: "maple-cabinet-shale-halfplane-1" } },
					{ type: "block", code: "lower-east", attributes: { type: "maple-cabinet-shale-fourplane-1" } },
				]
			}
		]
	},
	heldTpIdleAnimation: "holdunderarm",
	shapeInventory: { base: "block/wood/cabinet/lower/oak/whitemarble/cabinet-whitemarble-normal", rotateY: 270 },
	shapeByType: {
		"*-north": { base: "block/wood/cabinet/lower/oak/whitemarble/cabinet-whitemarble-normal", rotateY: 0 },
		"*-east": { base: "block/wood/cabinet/lower/oak/whitemarble/cabinet-whitemarble-normal", rotateY: 270 },
		"*-west": { base: "block/wood/cabinet/lower/oak/whitemarble/cabinet-whitemarble-normal", rotateY: 90 },
		"*-south": { base: "block/wood/cabinet/lower/oak/whitemarble/cabinet-whitemarble-normal", rotateY: 180 },
	},
	"_comment": "Must declare textures so they get added to the block texture atlas",
		"textures": {
		
		"oak-cabinet-nocountertop": { base: "block/wood/oak/cabinet" },
		"oak-cabinet-nocountertop-boreder": { base: "block/wood/oak/cabinet"},
		"oak-cabinet-cabinet": { base: "block/wood/oak/cabinet"},
		"oak-cabinet-shinybrass": { base: "block/metal/shinybrass"},
		"oak-cabinet-cabinet-boreder": { base:  "block/wood/oak/cabinet-boreder"},
		"oak-cabinet-cabinet-detail": { base: "block/wood/oak/cabinet-detail"},
		
		"oak-cabinet-whitemarble-countertop": { base: "block/stone/whitemarble" },
		"oak-cabinet-whitemarble-countertop-border": { base: "block/stone/whitemarble-border"},
		"oak-cabinet-whitemarble-cabinet": { base: "block/wood/oak/cabinet"},
		"oak-cabinet-whitemarble-shinybrass": { base: "block/metal/shinybrass"},
		"oak-cabinet-whitemarble-cabinet-boreder": { base:  "block/wood/oak/cabinet-boreder"},
		"oak-cabinet-whitemarble-cabinet-detail": { base: "block/wood/oak/cabinet-detail"},
		
		"oak-cabinet-whitemarble-halfplane-1-countertop": { base: "block/stone/whitemarble" },
		"oak-cabinet-whitemarble-halfplane-1-countertop-border": { base: "block/stone/whitemarble-border"},
		"oak-cabinet-whitemarble-halfplane-1-cabinet": { base: "block/wood/oak/cabinet"},
		"oak-cabinet-whitemarble-halfplane-1-shinybrass": { base: "block/metal/shinybrass"},
		"oak-cabinet-whitemarble-halfplane-1-cabinet-boreder": { base:  "block/wood/oak/cabinet-boreder"},
		"oak-cabinet-whitemarble-halfplane-1-cabinet-detail": { base: "block/wood/oak/cabinet-detail"},
		"oak-cabinet-whitemarble-halfplane-1-leadedhaft" : { base: "block/glass/leadedhaft"},
		
		"oak-cabinet-whitemarble-fullplane-1-countertop": { base: "block/stone/whitemarble" },
		"oak-cabinet-whitemarble-fullplane-1-countertop-border": { base: "block/stone/whitemarble-border"},
		"oak-cabinet-whitemarble-fullplane-1-cabinet": { base: "block/wood/oak/cabinet"},
		"oak-cabinet-whitemarble-fullplane-1-shinybrass": { base: "block/metal/shinybrass"},
		"oak-cabinet-whitemarble-fullplane-1-cabinet-boreder": { base:  "block/wood/oak/cabinet-boreder"},
		"oak-cabinet-whitemarble-fullplane-1-cabinet-detail": { base: "block/wood/oak/cabinet-detail"},
		"oak-cabinet-whitemarble-fullplane-1-glass" : { base: "block/glass/newleaded"},
		
		"oak-cabinet-whitemarble-fourplane-1-countertop": { base: "block/stone/whitemarble" },
		"oak-cabinet-whitemarble-fourplane-1-countertop-border": { base: "block/stone/whitemarble-border"},
		"oak-cabinet-whitemarble-fourplane-1-cabinet": { base: "block/wood/oak/cabinet"},
		"oak-cabinet-whitemarble-fourplane-1-shinybrass": { base: "block/metal/shinybrass"},
		"oak-cabinet-whitemarble-fourplane-1-cabinet-boreder": { base:  "block/wood/oak/cabinet-boreder"},
		"oak-cabinet-whitemarble-fourplane-1-cabinet-detail": { base: "block/wood/oak/cabinet-detail"},
		"oak-cabinet-whitemarble-fourplane-1-leadedhaft" : { base: "block/glass/leadedhaft"},
		
		"oak-cabinet-shale-countertop": { base: "block/stone/shale" },
		"oak-cabinet-shale-countertop-border": { base: "block/stone/shale-border"},
		"oak-cabinet-shale-cabinet": { base: "block/wood/oak/cabinet"},
		"oak-cabinet-shale-shinybrass": { base: "block/metal/shinybrass"},
		"oak-cabinet-shale-cabinet-boreder": { base:  "block/wood/oak/cabinet-boreder"},
		"oak-cabinet-shale-cabinet-detail": { base: "block/wood/oak/cabinet-detail"},
		
		"oak-cabinet-shale-halfplane-1-countertop": { base: "block/stone/shale" },
		"oak-cabinet-shale-halfplane-1-countertop-border": { base: "block/stone/shale-border"},
		"oak-cabinet-shale-halfplane-1-cabinet": { base: "block/wood/oak/cabinet"},
		"oak-cabinet-shale-halfplane-1-shinybrass": { base: "block/metal/shinybrass"},
		"oak-cabinet-shale-halfplane-1-cabinet-boreder": { base:  "block/wood/oak/cabinet-boreder"},
		"oak-cabinet-shale-halfplane-1-cabinet-detail": { base: "block/wood/oak/cabinet-detail"},
		"oak-cabinet-shale-halfplane-1-leadedhaft" : { base: "block/glass/leadedhaft"},
		
		"oak-cabinet-shale-fullplane-1-countertop": { base: "block/stone/shale" },
		"oak-cabinet-shale-fullplane-1-countertop-border": { base: "block/stone/shale-border"},
		"oak-cabinet-shale-fullplane-1-cabinet": { base: "block/wood/oak/cabinet"},
		"oak-cabinet-shale-fullplane-1-shinybrass": { base: "block/metal/shinybrass"},
		"oak-cabinet-shale-fullplane-1-cabinet-boreder": { base:  "block/wood/oak/cabinet-boreder"},
		"oak-cabinet-shale-fullplane-1-cabinet-detail": { base: "block/wood/oak/cabinet-detail"},
		"oak-cabinet-shale-fullplane-1-glass" : { base: "block/glass/newleaded"},
		
		"oak-cabinet-shale-fourplane-1-countertop": { base: "block/stone/shale" },
		"oak-cabinet-shale-fourplane-1-countertop-border": { base: "block/stone/shale-border"},
		"oak-cabinet-shale-fourplane-1-cabinet": { base: "block/wood/oak/cabinet"},
		"oak-cabinet-shale-fourplane-1-shinybrass": { base: "block/metal/shinybrass"},
		"oak-cabinet-shale-fourplane-1-cabinet-boreder": { base:  "block/wood/oak/cabinet-boreder"},
		"oak-cabinet-shale-fourplane-1-cabinet-detail": { base: "block/wood/oak/cabinet-detail"},
		"oak-cabinet-shale-fourplane-1-leadedhaft" : { base: "block/glass/leadedhaft"},

		
		
		
		
		
			
		"acacia-cabinet-nocountertop": { base: "block/wood/acacia/cabinet" },
		"acacia-cabinet-nocountertop-boreder": { base: "block/wood/acacia/cabinet"},
		"acacia-cabinet-cabinet": { base: "block/wood/acacia/cabinet"},
		"acacia-cabinet-shinybrass": { base: "block/metal/shinybrass"},
		"acacia-cabinet-cabinet-boreder": { base:  "block/wood/acacia/cabinet-boreder"},
		"acacia-cabinet-cabinet-detail": { base: "block/wood/acacia/cabinet-detail"},
		
		"acacia-cabinet-whitemarble-countertop": { base: "block/stone/whitemarble" },
		"acacia-cabinet-whitemarble-countertop-border": { base: "block/stone/whitemarble-border"},
		"acacia-cabinet-whitemarble-cabinet": { base: "block/wood/acacia/cabinet"},
		"acacia-cabinet-whitemarble-shinybrass": { base: "block/metal/shinybrass"},
		"acacia-cabinet-whitemarble-cabinet-boreder": { base:  "block/wood/acacia/cabinet-boreder"},
		"acacia-cabinet-whitemarble-cabinet-detail": { base: "block/wood/acacia/cabinet-detail"},
		
		"acacia-cabinet-whitemarble-halfplane-1-countertop": { base: "block/stone/whitemarble" },
		"acacia-cabinet-whitemarble-halfplane-1-countertop-border": { base: "block/stone/whitemarble-border"},
		"acacia-cabinet-whitemarble-halfplane-1-cabinet": { base: "block/wood/acacia/cabinet"},
		"acacia-cabinet-whitemarble-halfplane-1-shinybrass": { base: "block/metal/shinybrass"},
		"acacia-cabinet-whitemarble-halfplane-1-cabinet-boreder": { base:  "block/wood/acacia/cabinet-boreder"},
		"acacia-cabinet-whitemarble-halfplane-1-cabinet-detail": { base: "block/wood/acacia/cabinet-detail"},
		"acacia-cabinet-whitemarble-halfplane-1-leadedhaft" : { base: "block/glass/leadedhaft"},
		
		"acacia-cabinet-whitemarble-fullplane-1-countertop": { base: "block/stone/whitemarble" },
		"acacia-cabinet-whitemarble-fullplane-1-countertop-border": { base: "block/stone/whitemarble-border"},
		"acacia-cabinet-whitemarble-fullplane-1-cabinet": { base: "block/wood/acacia/cabinet"},
		"acacia-cabinet-whitemarble-fullplane-1-shinybrass": { base: "block/metal/shinybrass"},
		"acacia-cabinet-whitemarble-fullplane-1-cabinet-boreder": { base:  "block/wood/acacia/cabinet-boreder"},
		"acacia-cabinet-whitemarble-fullplane-1-cabinet-detail": { base: "block/wood/acacia/cabinet-detail"},
		"acacia-cabinet-whitemarble-fullplane-1-glass" : { base: "block/glass/newleaded"},
		
		"acacia-cabinet-whitemarble-fourplane-1-countertop": { base: "block/stone/whitemarble" },
		"acacia-cabinet-whitemarble-fourplane-1-countertop-border": { base: "block/stone/whitemarble-border"},
		"acacia-cabinet-whitemarble-fourplane-1-cabinet": { base: "block/wood/acacia/cabinet"},
		"acacia-cabinet-whitemarble-fourplane-1-shinybrass": { base: "block/metal/shinybrass"},
		"acacia-cabinet-whitemarble-fourplane-1-cabinet-boreder": { base:  "block/wood/acacia/cabinet-boreder"},
		"acacia-cabinet-whitemarble-fourplane-1-cabinet-detail": { base: "block/wood/acacia/cabinet-detail"},
		"acacia-cabinet-whitemarble-fourplane-1-leadedhaft" : { base: "block/glass/leadedhaft"},
		
		
		"acacia-cabinet-shale-countertop": { base: "block/stone/shale" },
		"acacia-cabinet-shale-countertop-border": { base: "block/stone/shale-border"},
		"acacia-cabinet-shale-cabinet": { base: "block/wood/acacia/cabinet"},
		"acacia-cabinet-shale-shinybrass": { base: "block/metal/shinybrass"},
		"acacia-cabinet-shale-cabinet-boreder": { base:  "block/wood/acacia/cabinet-boreder"},
		"acacia-cabinet-shale-cabinet-detail": { base: "block/wood/acacia/cabinet-detail"},

		"acacia-cabinet-shale-halfplane-1-countertop": { base: "block/stone/shale" },
		"acacia-cabinet-shale-halfplane-1-countertop-border": { base: "block/stone/shale-border"},
		"acacia-cabinet-shale-halfplane-1-cabinet": { base: "block/wood/acacia/cabinet"},
		"acacia-cabinet-shale-halfplane-1-shinybrass": { base: "block/metal/shinybrass"},
		"acacia-cabinet-shale-halfplane-1-cabinet-boreder": { base:  "block/wood/acacia/cabinet-boreder"},
		"acacia-cabinet-shale-halfplane-1-cabinet-detail": { base: "block/wood/acacia/cabinet-detail"},
		"acacia-cabinet-shale-halfplane-1-leadedhaft" : { base: "block/glass/leadedhaft"},
		
		"acacia-cabinet-shale-fullplane-1-countertop": { base: "block/stone/shale" },
		"acacia-cabinet-shale-fullplane-1-countertop-border": { base: "block/stone/shale-border"},
		"acacia-cabinet-shale-fullplane-1-cabinet": { base: "block/wood/acacia/cabinet"},
		"acacia-cabinet-shale-fullplane-1-shinybrass": { base: "block/metal/shinybrass"},
		"acacia-cabinet-shale-fullplane-1-cabinet-boreder": { base:  "block/wood/acacia/cabinet-boreder"},
		"acacia-cabinet-shale-fullplane-1-cabinet-detail": { base: "block/wood/acacia/cabinet-detail"},
		"acacia-cabinet-shale-fullplane-1-glass" : { base: "block/glass/newleaded"},

		"acacia-cabinet-shale-fourplane-1-countertop": { base: "block/stone/shale" },
		"acacia-cabinet-shale-fourplane-1-countertop-border": { base: "block/stone/shale-border"},
		"acacia-cabinet-shale-fourplane-1-cabinet": { base: "block/wood/acacia/cabinet"},
		"acacia-cabinet-shale-fourplane-1-shinybrass": { base: "block/metal/shinybrass"},
		"acacia-cabinet-shale-fourplane-1-cabinet-boreder": { base:  "block/wood/acacia/cabinet-boreder"},
		"acacia-cabinet-shale-fourplane-1-cabinet-detail": { base: "block/wood/acacia/cabinet-detail"},
		"acacia-cabinet-shale-fourplane-1-leadedhaft" : { base: "block/glass/leadedhaft"},



		
		
		
		
				
		"maple-cabinet-nocountertop": { base: "block/wood/maple/cabinet" },
		"maple-cabinet-nocountertop-boreder": { base: "block/wood/maple/cabinet"},
		"maple-cabinet-cabinet": { base: "block/wood/maple/cabinet"},
		"maple-cabinet-shinybrass": { base: "block/metal/shinybrass"},
		"maple-cabinet-cabinet-boreder": { base:  "block/wood/maple/cabinet-boreder"},
		"maple-cabinet-cabinet-detail": { base: "block/wood/maple/cabinet-detail"},
		
		"maple-cabinet-whitemarble-countertop": { base: "block/stone/whitemarble" },
		"maple-cabinet-whitemarble-countertop-border": { base: "block/stone/whitemarble-border"},
		"maple-cabinet-whitemarble-cabinet": { base: "block/wood/maple/cabinet"},
		"maple-cabinet-whitemarble-shinybrass": { base: "block/metal/shinybrass"},
		"maple-cabinet-whitemarble-cabinet-boreder": { base:  "block/wood/maple/cabinet-boreder"},
		"maple-cabinet-whitemarble-cabinet-detail": { base: "block/wood/maple/cabinet-detail"},
		
		"maple-cabinet-whitemarble-halfplane-1-countertop": { base: "block/stone/whitemarble" },
		"maple-cabinet-whitemarble-halfplane-1-countertop-border": { base: "block/stone/whitemarble-border"},
		"maple-cabinet-whitemarble-halfplane-1-cabinet": { base: "block/wood/maple/cabinet"},
		"maple-cabinet-whitemarble-halfplane-1-shinybrass": { base: "block/metal/shinybrass"},
		"maple-cabinet-whitemarble-halfplane-1-cabinet-boreder": { base:  "block/wood/maple/cabinet-boreder"},
		"maple-cabinet-whitemarble-halfplane-1-cabinet-detail": { base: "block/wood/maple/cabinet-detail"},
		"maple-cabinet-whitemarble-halfplane-1-leadedhaft" : { base: "block/glass/leadedhaft"},
		
		"maple-cabinet-whitemarble-fullplane-1-countertop": { base: "block/stone/whitemarble" },
		"maple-cabinet-whitemarble-fullplane-1-countertop-border": { base: "block/stone/whitemarble-border"},
		"maple-cabinet-whitemarble-fullplane-1-cabinet": { base: "block/wood/maple/cabinet"},
		"maple-cabinet-whitemarble-fullplane-1-shinybrass": { base: "block/metal/shinybrass"},
		"maple-cabinet-whitemarble-fullplane-1-cabinet-boreder": { base:  "block/wood/maple/cabinet-boreder"},
		"maple-cabinet-whitemarble-fullplane-1-cabinet-detail": { base: "block/wood/maple/cabinet-detail"},
		"maple-cabinet-whitemarble-fullplane-1-glass" : { base: "block/glass/newleaded"},
		
		"maple-cabinet-whitemarble-fourplane-1-countertop": { base: "block/stone/whitemarble" },
		"maple-cabinet-whitemarble-fourplane-1-countertop-border": { base: "block/stone/whitemarble-border"},
		"maple-cabinet-whitemarble-fourplane-1-cabinet": { base: "block/wood/maple/cabinet"},
		"maple-cabinet-whitemarble-fourplane-1-shinybrass": { base: "block/metal/shinybrass"},
		"maple-cabinet-whitemarble-fourplane-1-cabinet-boreder": { base:  "block/wood/maple/cabinet-boreder"},
		"maple-cabinet-whitemarble-fourplane-1-cabinet-detail": { base: "block/wood/maple/cabinet-detail"},
		"maple-cabinet-whitemarble-fourplane-1-leadedhaft" : { base: "block/glass/leadedhaft"},
		
		"maple-cabinet-shale-countertop": { base: "block/stone/shale" },
		"maple-cabinet-shale-countertop-border": { base: "block/stone/shale-border"},
		"maple-cabinet-shale-cabinet": { base: "block/wood/maple/cabinet"},
		"maple-cabinet-shale-shinybrass": { base: "block/metal/shinybrass"},
		"maple-cabinet-shale-cabinet-boreder": { base:  "block/wood/maple/cabinet-boreder"},
		"maple-cabinet-shale-cabinet-detail": { base: "block/wood/maple/cabinet-detail"},

		"maple-cabinet-shale-halfplane-1-countertop": { base: "block/stone/shale" },
		"maple-cabinet-shale-halfplane-1-countertop-border": { base: "block/stone/shale-border"},
		"maple-cabinet-shale-halfplane-1-cabinet": { base: "block/wood/maple/cabinet"},
		"maple-cabinet-shale-halfplane-1-shinybrass": { base: "block/metal/shinybrass"},
		"maple-cabinet-shale-halfplane-1-cabinet-boreder": { base:  "block/wood/maple/cabinet-boreder"},
		"maple-cabinet-shale-halfplane-1-cabinet-detail": { base: "block/wood/maple/cabinet-detail"},
		"maple-cabinet-shale-halfplane-1-leadedhaft" : { base: "block/glass/leadedhaft"},
		
		"maple-cabinet-shale-fullplane-1-countertop": { base: "block/stone/shale" },
		"maple-cabinet-shale-fullplane-1-countertop-border": { base: "block/stone/shale-border"},
		"maple-cabinet-shale-fullplane-1-cabinet": { base: "block/wood/maple/cabinet"},
		"maple-cabinet-shale-fullplane-1-shinybrass": { base: "block/metal/shinybrass"},
		"maple-cabinet-shale-fullplane-1-cabinet-boreder": { base:  "block/wood/maple/cabinet-boreder"},
		"maple-cabinet-shale-fullplane-1-cabinet-detail": { base: "block/wood/maple/cabinet-detail"},
		"maple-cabinet-shale-fullplane-1-glass" : { base: "block/glass/newleaded"},
		
		"maple-cabinet-shale-fourplane-1-countertop": { base: "block/stone/shale" },
		"maple-cabinet-shale-fourplane-1-countertop-border": { base: "block/stone/shale-border"},
		"maple-cabinet-shale-fourplane-1-cabinet": { base: "block/wood/maple/cabinet"},
		"maple-cabinet-shale-fourplane-1-shinybrass": { base: "block/metal/shinybrass"},
		"maple-cabinet-shale-fourplane-1-cabinet-boreder": { base:  "block/wood/maple/cabinet-boreder"},
		"maple-cabinet-shale-fourplane-1-cabinet-detail": { base: "block/wood/maple/cabinet-detail"},
		"maple-cabinet-shale-fourplane-1-leadedhaft" : { base: "block/glass/leadedhaft"},
		

	},
	blockmaterial: "Wood",
	replaceable: 900,
	resistance: 3,
	lightAbsorption: 0,
	sideAo: { all: false },
	sidesolid: {
		all: false
	},
	sideopaque: {
		all: false
	},
	combustibleProps: {
		burnTemperature: 600,
		burnDuration: 35,
	},
	sounds: {
		"place": "block/planks",
		"hit": "block/planks",
		"break": "block/planks",
		"walk": "walk/wood"
	},
	materialDensity: 600,
	tpHandTransform: {
		translation: { x: -2, y: -0.5, z: -1 },
		rotation: { x: 0, y: 180, z: 0 },
		origin: { x: 0.7, y: 0.4, z: 0.6 },
		scale: 0.31
	},
	guiTransform: {
		translation: { x: 0, y: 3, z: 0 },
		rotation: { x: -22.6, y: -55, z: 0 },
		origin: { x: 0.5, y: 0.4, z: 0.5 },
		scale: 1.03
	}
}