{
	"editor": {
		"allAngles": false,
		"entityTextureMode": false
	},
	"textureWidth": 16,
	"textureHeight": 16,
	"textureSizes": {
		"cabinet-detail": [16,16],
		"cabinet-border": [16,16],
		"countertop": [16,16],
		"shinybrass": [16,16],
		"countertop-border": [16,16],
		"cabinet": [16,16]
	},
	"textures": {
		"cabinet-detail": "block/wood/acacia/cabinet-detail",
		"copper": "block/metal/copper",
		"countertop": "block/stone/whitemarble",
		"shinybrass": "block/metal/shinybrass",
		"cabinet-boreder": "block/wood/acacia/cabinet-boreder",
		"countertop-border": "block/stone/whitemarble-border",
		"cabinet": "block/wood/acacia/cabinet"
	},
	"elements": [
		{
			"name": "DoorRight",
			"from": [ 1.0, 2.0, 15.0 ], 
			"to": [ 15.0, 14.0, 15.5 ], 
			"rotationOrigin": [ 0.5, 9.0, 15.0 ],
			"faces": {
				"north": { "texture": "#cabinet-detail", "uv": [ 0.0, 0.0, 16.0, 16.0 ], "autoUv": false },
				"east": { "texture": "#cabinet", "uv": [ 0.0, 0.0, 2.0, 16.0 ], "autoUv": false },
				"south": { "texture": "#cabinet-detail", "uv": [ 0.0, 0.0, 16.0, 16.0 ], "autoUv": false },
				"west": { "texture": "#cabinet", "uv": [ 0.0, 0.0, 2.0, 16.0 ], "autoUv": false },
				"up": { "texture": "#cabinet", "uv": [ 0.0, 0.0, 16.0, 1.5 ], "autoUv": false },
				"down": { "texture": "#cabinet", "uv": [ 0.0, 0.0, 16.0, 1.5 ], "autoUv": false }
			},
			"children": [
				{
					"name": "Handle",
					"from": [ 12.5, 8.0, 1.2 ], 
					"to": [ 13.0, 11.0, 1.5 ], 
					"rotationOrigin": [ 11.0, 8.0, 2.0 ],
					"faces": {
						"north": { "texture": "#null", "uv": [ 0.0, 0.0, 16.0, 16.0 ], "enabled": false, "autoUv": false },
						"east": { "texture": "#shinybrass", "uv": [ 0.0, 0.0, 16.0, 16.0 ], "autoUv": false },
						"south": { "texture": "#shinybrass", "uv": [ 0.0, 0.0, 16.0, 16.0 ], "autoUv": false },
						"west": { "texture": "#shinybrass", "uv": [ 0.0, 0.0, 16.0, 16.0 ], "autoUv": false },
						"up": { "texture": "#shinybrass", "uv": [ 0.0, 0.0, 16.0, 16.0 ], "autoUv": false },
						"down": { "texture": "#shinybrass", "uv": [ 0.0, 0.0, 16.0, 16.0 ], "autoUv": false }
					},
					"children": [
						{
							"name": "PartB",
							"from": [ 0.0, 0.2, -0.5 ], 
							"to": [ 0.5, 0.5, 0.7 ], 
							"rotationOrigin": [ 0.0, 0.5, -0.5 ],
							"rotationX": -22.5000003066977,
							"faces": {
								"north": { "texture": "#null", "uv": [ 0.0, 0.0, 0.5, 0.5 ], "enabled": false },
								"east": { "texture": "#shinybrass", "uv": [ 0.0, 0.0, 16.0, 16.0 ], "autoUv": false },
								"south": { "texture": "#shinybrass", "uv": [ 0.0, 0.0, 16.0, 16.0 ], "autoUv": false },
								"west": { "texture": "#shinybrass", "uv": [ 0.0, 0.0, 16.0, 16.0 ], "autoUv": false },
								"up": { "texture": "#shinybrass", "uv": [ 0.0, 0.0, 16.0, 16.0 ], "autoUv": false },
								"down": { "texture": "#shinybrass", "uv": [ 0.0, 0.0, 16.0, 16.0 ], "autoUv": false }
							}
						},
						{
							"name": "PartT",
							"from": [ 0.0, 2.5, -0.5 ], 
							"to": [ 0.5, 2.8, 0.7 ], 
							"rotationOrigin": [ 0.0, 2.5, -0.5 ],
							"rotationX": 22.5000003066977,
							"faces": {
								"north": { "texture": "#null", "uv": [ 0.0, 0.0, 0.5, 0.5 ], "enabled": false },
								"east": { "texture": "#shinybrass", "uv": [ 0.0, 0.0, 16.0, 16.0 ], "autoUv": false },
								"south": { "texture": "#shinybrass", "uv": [ 0.0, 0.0, 16.0, 16.0 ], "autoUv": false },
								"west": { "texture": "#shinybrass", "uv": [ 0.0, 0.0, 16.0, 16.0 ], "autoUv": false },
								"up": { "texture": "#shinybrass", "uv": [ 0.0, 0.0, 16.0, 16.0 ], "autoUv": false },
								"down": { "texture": "#shinybrass", "uv": [ 0.0, 0.0, 16.0, 16.0 ], "autoUv": false }
							}
						}
					]
				},
				{
					"name": "HingeB",
					"from": [ -0.4, 1.1, 0.1 ], 
					"to": [ -0.2, 2.0, 0.3 ], 
					"rotationOrigin": [ 0.0, 1.0, 0.0 ],
					"faces": {
						"north": { "texture": "#shinybrass", "uv": [ 0.0, 0.0, 16.0, 16.0 ], "autoUv": false },
						"east": { "texture": "#shinybrass", "uv": [ 0.0, 0.0, 16.0, 16.0 ], "autoUv": false },
						"south": { "texture": "#shinybrass", "uv": [ 0.0, 0.0, 16.0, 16.0 ], "autoUv": false },
						"west": { "texture": "#shinybrass", "uv": [ 0.0, 0.0, 16.0, 16.0 ], "autoUv": false },
						"up": { "texture": "#shinybrass", "uv": [ 0.0, 0.0, 16.0, 16.0 ], "autoUv": false },
						"down": { "texture": "#shinybrass", "uv": [ 0.0, 0.0, 16.0, 16.0 ], "autoUv": false }
					},
					"children": [
						{
							"name": "HingeBTP",
							"from": [ -0.1, 0.9, -0.1 ], 
							"to": [ 0.4, 1.2, 0.3 ], 
							"rotationOrigin": [ 0.4, 0.9, -0.1 ],
							"faces": {
								"north": { "texture": "#shinybrass", "uv": [ 0.0, 0.0, 16.0, 16.0 ], "autoUv": false },
								"east": { "texture": "#shinybrass", "uv": [ 0.0, 0.0, 16.0, 16.0 ], "autoUv": false },
								"south": { "texture": "#shinybrass", "uv": [ 0.0, 0.0, 16.0, 16.0 ], "autoUv": false },
								"west": { "texture": "#shinybrass", "uv": [ 0.0, 0.0, 16.0, 16.0 ], "autoUv": false },
								"up": { "texture": "#shinybrass", "uv": [ 0.0, 0.0, 16.0, 16.0 ], "autoUv": false },
								"down": { "texture": "#shinybrass", "uv": [ 0.0, 0.0, 16.0, 16.0 ], "autoUv": false }
							}
						},
						{
							"name": "HingeBBP",
							"from": [ -0.1, -0.3, -0.1 ], 
							"to": [ 0.4, 0.0, 0.3 ], 
							"rotationOrigin": [ 0.4, -0.1, -0.1 ],
							"faces": {
								"north": { "texture": "#shinybrass", "uv": [ 0.0, 0.0, 16.0, 16.0 ], "autoUv": false },
								"east": { "texture": "#shinybrass", "uv": [ 0.0, 0.0, 16.0, 16.0 ], "autoUv": false },
								"south": { "texture": "#shinybrass", "uv": [ 0.0, 0.0, 16.0, 16.0 ], "autoUv": false },
								"west": { "texture": "#shinybrass", "uv": [ 0.0, 0.0, 16.0, 16.0 ], "autoUv": false },
								"up": { "texture": "#shinybrass", "uv": [ 0.0, 0.0, 16.0, 16.0 ], "autoUv": false },
								"down": { "texture": "#shinybrass", "uv": [ 0.0, 0.0, 16.0, 16.0 ], "autoUv": false }
							}
						}
					]
				},
				{
					"name": "Door-Detail-T",
					"from": [ 1.0, 11.0, -0.2 ], 
					"to": [ 13.0, 11.5, 0.8 ], 
					"rotationOrigin": [ 1.0, 11.0, 0.0 ],
					"faces": {
						"north": { "texture": "#cabinet-boreder", "uv": [ 0.0, 0.0, 16.0, 2.5 ], "autoUv": false },
						"east": { "texture": "#cabinet-boreder", "uv": [ 0.0, 0.0, 16.0, 2.5 ], "autoUv": false },
						"south": { "texture": "#cabinet-boreder", "uv": [ 0.0, 0.0, 16.0, 2.5 ], "autoUv": false },
						"west": { "texture": "#cabinet-boreder", "uv": [ 0.0, 0.0, 16.0, 2.5 ], "autoUv": false },
						"up": { "texture": "#cabinet-boreder", "uv": [ 0.0, 0.0, 16.0, 2.0 ], "autoUv": false },
						"down": { "texture": "#cabinet-boreder", "uv": [ 0.0, 0.0, 16.0, 2.5 ], "autoUv": false }
					},
					"children": [
						{
							"name": "Door-Detail-TT",
							"from": [ 1.0, -1.0, -0.2 ], 
							"to": [ 11.0, -0.5, 1.0 ], 
							"rotationOrigin": [ 1.0, -1.0, 0.2 ],
							"faces": {
								"north": { "texture": "#cabinet-boreder", "uv": [ 0.0, 0.0, 16.0, 2.5 ], "autoUv": false },
								"east": { "texture": "#cabinet-boreder", "uv": [ 0.0, 0.0, 16.0, 2.5 ], "autoUv": false },
								"south": { "texture": "#cabinet-boreder", "uv": [ 0.0, 0.0, 16.0, 2.5 ], "autoUv": false },
								"west": { "texture": "#cabinet-boreder", "uv": [ 0.0, 0.0, 16.0, 2.5 ], "autoUv": false },
								"up": { "texture": "#cabinet-boreder", "uv": [ 0.0, 0.0, 16.0, 2.0 ], "autoUv": false },
								"down": { "texture": "#cabinet-boreder", "uv": [ 0.0, 0.0, 16.0, 2.5 ], "autoUv": false }
							}
						}
					]
				},
				{
					"name": "Door-Detail-B",
					"from": [ 1.0, 1.0, -0.2 ], 
					"to": [ 13.0, 1.5, 0.8 ], 
					"rotationOrigin": [ 1.0, 1.0, 0.0 ],
					"faces": {
						"north": { "texture": "#cabinet-boreder", "uv": [ 0.0, 0.5, 16.0, 2.5 ], "autoUv": false },
						"east": { "texture": "#cabinet-boreder", "uv": [ 0.0, 0.5, 16.0, 2.5 ], "autoUv": false },
						"south": { "texture": "#cabinet-boreder", "uv": [ 0.0, 0.5, 16.0, 2.5 ], "autoUv": false },
						"west": { "texture": "#cabinet-boreder", "uv": [ 0.0, 0.5, 16.0, 2.5 ], "autoUv": false },
						"up": { "texture": "#cabinet-boreder", "uv": [ 0.0, 0.5, 16.0, 2.5 ], "autoUv": false },
						"down": { "texture": "#cabinet-boreder", "uv": [ 0.0, 0.5, 16.0, 2.5 ], "autoUv": false }
					},
					"children": [
						{
							"name": "Door-Detail-BB",
							"from": [ 1.0, 1.0, -0.2 ], 
							"to": [ 11.0, 1.5, 1.0 ], 
							"rotationOrigin": [ 1.0, 1.0, 0.2 ],
							"faces": {
								"north": { "texture": "#cabinet-boreder", "uv": [ 0.0, 0.5, 16.0, 2.5 ], "autoUv": false },
								"east": { "texture": "#cabinet-boreder", "uv": [ 0.0, 0.5, 16.0, 2.5 ], "autoUv": false },
								"south": { "texture": "#cabinet-boreder", "uv": [ 0.0, 0.5, 16.0, 2.5 ], "autoUv": false },
								"west": { "texture": "#cabinet-boreder", "uv": [ 0.0, 0.5, 16.0, 2.5 ], "autoUv": false },
								"up": { "texture": "#cabinet-boreder", "uv": [ 0.0, 0.5, 16.0, 2.5 ], "autoUv": false },
								"down": { "texture": "#cabinet-boreder", "uv": [ 0.0, 0.5, 16.0, 2.5 ], "autoUv": false }
							}
						}
					]
				},
				{
					"name": "Door-Detail-L",
					"from": [ 1.0, 1.5, -0.2 ], 
					"to": [ 1.5, 11.0, 0.8 ], 
					"rotationOrigin": [ 1.0, 1.0, 0.0 ],
					"faces": {
						"north": { "texture": "#cabinet-boreder", "uv": [ 0.0, 0.5, 16.0, 2.5 ], "rotation": 90, "autoUv": false },
						"east": { "texture": "#cabinet-boreder", "uv": [ 0.0, 0.5, 16.0, 2.5 ], "rotation": 90, "autoUv": false },
						"south": { "texture": "#cabinet-boreder", "uv": [ 0.0, 0.5, 16.0, 2.5 ], "rotation": 90, "autoUv": false },
						"west": { "texture": "#cabinet-boreder", "uv": [ 0.0, 0.5, 16.0, 2.5 ], "rotation": 90, "autoUv": false },
						"up": { "texture": "#cabinet-boreder", "uv": [ 0.0, 0.5, 16.0, 2.5 ], "autoUv": false },
						"down": { "texture": "#cabinet-boreder", "uv": [ 0.0, 0.5, 16.0, 2.5 ], "autoUv": false }
					}
				},
				{
					"name": "Door-Detail-R",
					"from": [ 12.5, 1.5, -0.2 ], 
					"to": [ 13.0, 11.0, 0.8 ], 
					"rotationOrigin": [ 12.0, 1.0, 0.0 ],
					"faces": {
						"north": { "texture": "#cabinet-boreder", "uv": [ 0.0, 0.0, 16.0, 2.0 ], "rotation": 90, "autoUv": false },
						"east": { "texture": "#cabinet-boreder", "uv": [ 0.0, 0.5, 16.0, 2.5 ], "rotation": 90, "autoUv": false },
						"south": { "texture": "#cabinet-boreder", "uv": [ 0.0, 0.5, 16.0, 2.5 ], "rotation": 90, "autoUv": false },
						"west": { "texture": "#cabinet-boreder", "uv": [ 0.0, 0.5, 16.0, 2.5 ], "rotation": 90, "autoUv": false },
						"up": { "texture": "#cabinet-boreder", "uv": [ 0.0, 0.5, 16.0, 2.5 ], "autoUv": false },
						"down": { "texture": "#cabinet-boreder", "uv": [ 0.0, 0.5, 16.0, 2.5 ], "autoUv": false }
					}
				},
				{
					"name": "HingeT32",
					"from": [ -0.4, 10.1, 0.1 ], 
					"to": [ -0.2, 11.0, 0.3 ], 
					"rotationOrigin": [ 0.0, 10.0, 0.0 ],
					"faces": {
						"north": { "texture": "#shinybrass", "uv": [ 0.0, 0.0, 16.0, 16.0 ], "autoUv": false },
						"east": { "texture": "#shinybrass", "uv": [ 0.0, 0.0, 16.0, 16.0 ], "autoUv": false },
						"south": { "texture": "#shinybrass", "uv": [ 0.0, 0.0, 16.0, 16.0 ], "autoUv": false },
						"west": { "texture": "#shinybrass", "uv": [ 0.0, 0.0, 16.0, 16.0 ], "autoUv": false },
						"up": { "texture": "#shinybrass", "uv": [ 0.0, 0.0, 16.0, 16.0 ], "autoUv": false },
						"down": { "texture": "#shinybrass", "uv": [ 0.0, 0.0, 16.0, 16.0 ], "autoUv": false }
					},
					"children": [
						{
							"name": "HingeTTT",
							"from": [ -0.1, 0.9, -0.1 ], 
							"to": [ 0.4, 1.2, 0.3 ], 
							"rotationOrigin": [ 0.4, 0.9, -0.1 ],
							"faces": {
								"north": { "texture": "#shinybrass", "uv": [ 0.0, 0.0, 16.0, 16.0 ], "autoUv": false },
								"east": { "texture": "#shinybrass", "uv": [ 0.0, 0.0, 16.0, 16.0 ], "autoUv": false },
								"south": { "texture": "#shinybrass", "uv": [ 0.0, 0.0, 16.0, 16.0 ], "autoUv": false },
								"west": { "texture": "#shinybrass", "uv": [ 0.0, 0.0, 16.0, 16.0 ], "autoUv": false },
								"up": { "texture": "#shinybrass", "uv": [ 0.0, 0.0, 16.0, 16.0 ], "autoUv": false },
								"down": { "texture": "#shinybrass", "uv": [ 0.0, 0.0, 16.0, 16.0 ], "autoUv": false }
							}
						},
						{
							"name": "HingeTTB",
							"from": [ -0.1, -0.3, -0.1 ], 
							"to": [ 0.4, 0.0, 0.3 ], 
							"rotationOrigin": [ 0.4, -0.1, -0.1 ],
							"faces": {
								"north": { "texture": "#shinybrass", "uv": [ 0.0, 0.0, 16.0, 16.0 ], "autoUv": false },
								"east": { "texture": "#shinybrass", "uv": [ 0.0, 0.0, 16.0, 16.0 ], "autoUv": false },
								"south": { "texture": "#shinybrass", "uv": [ 0.0, 0.0, 16.0, 16.0 ], "autoUv": false },
								"west": { "texture": "#shinybrass", "uv": [ 0.0, 0.0, 16.0, 16.0 ], "autoUv": false },
								"up": { "texture": "#shinybrass", "uv": [ 0.0, 0.0, 16.0, 16.0 ], "autoUv": false },
								"down": { "texture": "#shinybrass", "uv": [ 0.0, 0.0, 16.0, 16.0 ], "autoUv": false }
							}
						}
					]
				},
				{
					"name": "Door-Detail-LL",
					"from": [ 2.0, 2.5, -0.4 ], 
					"to": [ 2.5, 10.0, 0.8 ], 
					"rotationOrigin": [ 2.0, 2.0, 0.0 ],
					"faces": {
						"north": { "texture": "#cabinet-boreder", "uv": [ 0.0, 0.5, 16.0, 2.5 ], "rotation": 90, "autoUv": false },
						"east": { "texture": "#cabinet-boreder", "uv": [ 0.0, 0.5, 16.0, 2.5 ], "rotation": 90, "autoUv": false },
						"south": { "texture": "#cabinet-boreder", "uv": [ 0.0, 0.5, 16.0, 2.5 ], "rotation": 90, "autoUv": false },
						"west": { "texture": "#cabinet-boreder", "uv": [ 0.0, 0.5, 16.0, 2.5 ], "rotation": 90, "autoUv": false },
						"up": { "texture": "#cabinet-boreder", "uv": [ 0.0, 0.5, 16.0, 2.5 ], "rotation": 90, "autoUv": false },
						"down": { "texture": "#cabinet-boreder", "uv": [ 0.0, 0.5, 16.0, 2.5 ], "rotation": 90, "autoUv": false }
					}
				},
				{
					"name": "Door-Detail-RR",
					"from": [ 11.5, 2.5, -0.4 ], 
					"to": [ 12.0, 10.0, 0.8 ], 
					"rotationOrigin": [ 11.0, 2.0, 0.0 ],
					"faces": {
						"north": { "texture": "#cabinet-boreder", "uv": [ 0.0, 0.5, 16.0, 2.5 ], "rotation": 90, "autoUv": false },
						"east": { "texture": "#cabinet-boreder", "uv": [ 0.0, 0.5, 16.0, 2.5 ], "rotation": 90, "autoUv": false },
						"south": { "texture": "#cabinet-boreder", "uv": [ 0.0, 0.5, 16.0, 2.5 ], "rotation": 90, "autoUv": false },
						"west": { "texture": "#cabinet-boreder", "uv": [ 0.0, 0.5, 16.0, 2.5 ], "rotation": 90, "autoUv": false },
						"up": { "texture": "#cabinet-boreder", "uv": [ 0.0, 0.5, 16.0, 2.5 ], "autoUv": false },
						"down": { "texture": "#cabinet-boreder", "uv": [ 0.0, 0.5, 16.0, 2.5 ], "autoUv": false }
					}
				}
			]
		},
		{
			"name": "Frame",
			"from": [ 8.0, 8.0, 0.0 ], 
			"to": [ 8.0, 8.0, 0.0 ], 
			"rotationOrigin": [ 8.0, 8.0, 0.0 ],
			"faces": {
				"north": { "texture": "#shinybrass", "uv": [ 0.0, 0.0, 0.5, 0.5 ] },
				"east": { "texture": "#shinybrass", "uv": [ 0.0, 0.0, 0.5, 0.5 ] },
				"south": { "texture": "#shinybrass", "uv": [ 0.0, 0.0, 0.5, 0.5 ] },
				"west": { "texture": "#shinybrass", "uv": [ 0.0, 0.0, 0.5, 0.5 ] },
				"up": { "texture": "#shinybrass", "uv": [ 0.0, 0.0, 0.5, 0.5 ] },
				"down": { "texture": "#shinybrass", "uv": [ 0.0, 0.0, 0.5, 0.5 ] }
			},
			"children": [
				{
					"name": "Frame W",
					"from": [ -24.0, -6.0, 1.0 ], 
					"to": [ -23.0, 6.0, 15.0 ], 
					"rotationOrigin": [ -24.0, -6.0, 1.0 ],
					"faces": {
						"north": { "texture": "#cabinet", "uv": [ 0.0, 0.0, 2.0, 16.0 ], "autoUv": false },
						"east": { "texture": "#cabinet", "uv": [ 0.0, 0.0, 16.0, 16.0 ], "autoUv": false },
						"south": { "texture": "#cabinet", "uv": [ 0.0, 0.0, 2.0, 16.0 ], "autoUv": false },
						"west": { "texture": "#cabinet", "uv": [ 0.0, 0.0, 16.0, 16.0 ], "autoUv": false },
						"up": { "texture": "#cabinet", "uv": [ 0.0, 0.0, 2.0, 16.0 ], "autoUv": false },
						"down": { "texture": "#cabinet", "uv": [ 0.0, 0.0, 2.0, 16.0 ], "autoUv": false }
					}
				},
				{
					"name": "Frame N",
					"from": [ -24.0, -6.0, 0.0 ], 
					"to": [ 8.0, 6.0, 1.0 ], 
					"rotationOrigin": [ -24.0, -6.0, 0.0 ],
					"faces": {
						"north": { "texture": "#cabinet", "uv": [ 0.0, 0.0, 16.0, 16.0 ], "autoUv": false },
						"east": { "texture": "#cabinet", "uv": [ 14.5, 0.0, 16.0, 16.0 ], "autoUv": false },
						"south": { "texture": "#cabinet", "uv": [ 0.0, 0.0, 16.0, 16.0 ], "autoUv": false },
						"west": { "texture": "#cabinet", "uv": [ 0.0, 0.0, 1.5, 16.0 ], "autoUv": false },
						"up": { "texture": "#cabinet", "uv": [ 0.0, 0.0, 16.0, 1.5 ], "autoUv": false },
						"down": { "texture": "#cabinet", "uv": [ 0.0, 0.0, 16.0, 1.5 ], "autoUv": false }
					}
				},
				{
					"name": "Frame E",
					"from": [ 7.0, -6.0, 1.0 ], 
					"to": [ 8.0, 6.0, 15.0 ], 
					"rotationOrigin": [ 7.0, -6.0, 1.0 ],
					"faces": {
						"north": { "texture": "#cabinet", "uv": [ 0.0, 0.0, 1.0, 16.0 ], "autoUv": false },
						"east": { "texture": "#cabinet", "uv": [ 0.0, 0.0, 16.0, 16.0 ], "autoUv": false },
						"south": { "texture": "#cabinet", "uv": [ 0.0, 0.0, 1.0, 16.0 ], "autoUv": false },
						"west": { "texture": "#cabinet", "uv": [ 0.0, 0.0, 16.0, 16.0 ], "autoUv": false },
						"up": { "texture": "#cabinet", "uv": [ 0.0, 0.0, 1.5, 16.0 ], "autoUv": false },
						"down": { "texture": "#cabinet", "uv": [ 0.0, 0.0, 1.5, 16.0 ], "autoUv": false }
					}
				},
				{
					"name": "Frame S Front B",
					"from": [ -24.0, -8.0, 15.0 ], 
					"to": [ 8.0, -6.0, 16.0 ], 
					"rotationOrigin": [ -24.0, -8.0, 15.0 ],
					"faces": {
						"north": { "texture": "#cabinet-boreder", "uv": [ 0.0, 0.0, 16.0, 2.5 ], "autoUv": false },
						"east": { "texture": "#cabinet-boreder", "uv": [ 0.0, 0.0, 3.0, 2.5 ], "autoUv": false },
						"south": { "texture": "#cabinet-boreder", "uv": [ 0.0, 0.0, 16.0, 2.5 ], "autoUv": false },
						"west": { "texture": "#cabinet-boreder", "uv": [ 0.0, 0.0, 2.5, 2.5 ], "autoUv": false },
						"up": { "texture": "#cabinet-boreder", "uv": [ 0.0, 0.0, 16.0, 2.5 ], "rotation": 180, "autoUv": false },
						"down": { "texture": "#cabinet-boreder", "uv": [ 0.0, 0.0, 16.0, 2.5 ], "rotation": 180, "autoUv": false }
					}
				},
				{
					"name": "Frame S Front T",
					"from": [ -24.0, 6.0, 15.0 ], 
					"to": [ 8.0, 7.0, 16.0 ], 
					"rotationOrigin": [ -24.0, 6.0, 15.0 ],
					"faces": {
						"north": { "texture": "#cabinet-boreder", "uv": [ 0.0, 0.0, 16.0, 2.5 ], "rotation": 180, "autoUv": false },
						"east": { "texture": "#cabinet-boreder", "uv": [ 0.0, 0.0, 2.5, 2.5 ], "rotation": 180, "autoUv": false },
						"south": { "texture": "#cabinet-boreder", "uv": [ 0.0, 0.0, 16.0, 2.5 ], "rotation": 180, "autoUv": false },
						"west": { "texture": "#cabinet-boreder", "uv": [ 0.0, 0.0, 2.5, 2.5 ], "rotation": 180, "autoUv": false },
						"up": { "texture": "#cabinet-boreder", "uv": [ 0.0, 0.5, 16.0, 2.5 ], "autoUv": false },
						"down": { "texture": "#cabinet-boreder", "uv": [ 0.0, 0.0, 16.0, 2.5 ], "rotation": 180, "autoUv": false }
					}
				},
				{
					"name": "Floor",
					"from": [ -24.0, -8.0, 1.0 ], 
					"to": [ 7.0, -7.0, 15.0 ], 
					"rotationOrigin": [ -24.0, -8.0, 1.0 ],
					"faces": {
						"north": { "texture": "#null", "uv": [ 0.0, 0.0, 16.0, 2.5 ], "enabled": false, "autoUv": false },
						"east": { "texture": "#null", "uv": [ 0.0, 0.0, 16.0, 2.5 ], "enabled": false, "autoUv": false },
						"south": { "texture": "#null", "uv": [ 0.0, 0.0, 16.0, 2.5 ], "enabled": false, "autoUv": false },
						"west": { "texture": "#null", "uv": [ 0.0, 2.5, 16.0, 0.0 ], "enabled": false, "autoUv": false },
						"up": { "texture": "#cabinet", "uv": [ 0.0, 0.0, 16.0, 16.0 ], "autoUv": false },
						"down": { "texture": "#cabinet", "uv": [ 0.0, 0.0, 16.0, 16.0 ], "autoUv": false }
					}
				},
				{
					"name": "Bored B",
					"from": [ -23.0, -2.0, 1.0 ], 
					"to": [ 7.0, -1.6, 7.0 ], 
					"rotationOrigin": [ -23.0, -2.0, 1.0 ],
					"faces": {
						"north": { "texture": "#cabinet-boreder", "uv": [ 0.0, 0.0, 30.0, 0.5 ] },
						"east": { "texture": "#cabinet-boreder", "uv": [ 0.0, 0.0, 6.0, 0.5 ] },
						"south": { "texture": "#cabinet-boreder", "uv": [ 0.0, 0.0, 16.0, 2.5 ], "autoUv": false },
						"west": { "texture": "#cabinet-boreder", "uv": [ 0.0, 0.0, 6.0, 0.5 ] },
						"up": { "texture": "#cabinet", "uv": [ 0.0, 0.0, 16.0, 16.0 ], "autoUv": false },
						"down": { "texture": "#cabinet", "uv": [ 0.0, 0.0, 16.0, 16.0 ], "autoUv": false }
					}
				},
				{
					"name": "Frame S Front W",
					"from": [ -24.0, 6.0, 1.0 ], 
					"to": [ -23.0, 7.0, 15.0 ], 
					"rotationOrigin": [ -24.0, 6.0, 1.0 ],
					"faces": {
						"north": { "texture": "#cabinet-boreder", "uv": [ 0.0, 0.0, 16.0, 2.5 ], "rotation": 180, "autoUv": false },
						"east": { "texture": "#cabinet-boreder", "uv": [ 0.0, 0.0, 16.0, 2.5 ], "rotation": 180, "autoUv": false },
						"south": { "texture": "#cabinet-boreder", "uv": [ 0.0, 0.0, 16.0, 2.5 ], "rotation": 180, "autoUv": false },
						"west": { "texture": "#cabinet-boreder", "uv": [ 0.0, 0.0, 16.0, 2.5 ], "rotation": 180, "autoUv": false },
						"up": { "texture": "#cabinet-boreder", "uv": [ 0.0, 0.5, 16.0, 2.5 ], "rotation": 90, "autoUv": false },
						"down": { "texture": "#cabinet-boreder", "uv": [ 0.0, 0.0, 16.0, 16.0 ], "rotation": 180, "enabled": false, "autoUv": false }
					}
				},
				{
					"name": "Frame S Front N",
					"from": [ -24.0, 6.0, 0.0 ], 
					"to": [ 8.0, 7.0, 1.0 ], 
					"rotationOrigin": [ -24.0, 6.0, 0.0 ],
					"faces": {
						"north": { "texture": "#cabinet-boreder", "uv": [ 0.0, 0.0, 16.0, 2.5 ], "rotation": 180, "autoUv": false },
						"east": { "texture": "#cabinet-boreder", "uv": [ 0.0, 0.0, 2.5, 2.5 ], "rotation": 180, "autoUv": false },
						"south": { "texture": "#cabinet-boreder", "uv": [ 0.0, 0.0, 16.0, 2.5 ], "rotation": 180, "autoUv": false },
						"west": { "texture": "#cabinet-boreder", "uv": [ 0.0, 0.0, 2.5, 2.5 ], "rotation": 180, "autoUv": false },
						"up": { "texture": "#cabinet-boreder", "uv": [ 0.0, 0.5, 16.0, 2.5 ], "autoUv": false },
						"down": { "texture": "#cabinet-boreder", "uv": [ 0.0, 0.0, 16.0, 2.5 ], "rotation": 180, "autoUv": false }
					}
				},
				{
					"name": "Frame S Front E",
					"from": [ 7.0, 6.0, 1.0 ], 
					"to": [ 8.0, 7.0, 15.0 ], 
					"rotationOrigin": [ 7.0, 6.0, 1.0 ],
					"faces": {
						"north": { "texture": "#cabinet-boreder", "uv": [ 0.0, 0.0, 16.0, 2.5 ], "rotation": 180, "autoUv": false },
						"east": { "texture": "#cabinet-boreder", "uv": [ 0.0, 0.0, 16.0, 2.5 ], "rotation": 180, "autoUv": false },
						"south": { "texture": "#cabinet-boreder", "uv": [ 0.0, 0.0, 16.0, 2.5 ], "rotation": 180, "autoUv": false },
						"west": { "texture": "#cabinet-boreder", "uv": [ 0.0, 0.0, 16.0, 2.5 ], "rotation": 180, "autoUv": false },
						"up": { "texture": "#cabinet-boreder", "uv": [ 0.0, 0.5, 16.0, 2.5 ], "rotation": 90, "autoUv": false },
						"down": { "texture": "#cabinet-boreder", "uv": [ 0.0, 0.0, 16.0, 2.5 ], "rotation": 180, "enabled": false, "autoUv": false }
					}
				},
				{
					"name": "Frame S Front N B",
					"from": [ -24.0, -8.0, 0.0 ], 
					"to": [ 8.0, -6.0, 1.0 ], 
					"rotationOrigin": [ -24.0, -8.0, 0.0 ],
					"faces": {
						"north": { "texture": "#cabinet-boreder", "uv": [ 0.0, 0.0, 16.0, 2.5 ], "autoUv": false },
						"east": { "texture": "#cabinet-boreder", "uv": [ 0.0, 0.0, 2.5, 2.5 ], "autoUv": false },
						"south": { "texture": "#cabinet-boreder", "uv": [ 0.0, 0.0, 16.0, 2.5 ], "autoUv": false },
						"west": { "texture": "#cabinet-boreder", "uv": [ 0.0, 0.0, 2.5, 2.5 ], "autoUv": false },
						"up": { "texture": "#cabinet-boreder", "uv": [ 0.0, 0.0, 2.5, 2.5 ], "rotation": 90, "autoUv": false },
						"down": { "texture": "#cabinet-boreder", "uv": [ 0.0, 0.0, 16.0, 2.5 ], "rotation": 180, "autoUv": false }
					}
				},
				{
					"name": "Frame S Front W B",
					"from": [ -24.0, -8.0, 1.0 ], 
					"to": [ -23.0, -6.0, 15.0 ], 
					"rotationOrigin": [ -24.0, -8.0, 1.0 ],
					"faces": {
						"north": { "texture": "#cabinet-boreder", "uv": [ 0.0, 0.0, 16.0, 2.5 ], "autoUv": false },
						"east": { "texture": "#cabinet-boreder", "uv": [ 0.0, 0.0, 16.0, 2.5 ], "autoUv": false },
						"south": { "texture": "#cabinet-boreder", "uv": [ 0.5, 0.0, 16.5, 2.5 ], "rotation": 180, "autoUv": false },
						"west": { "texture": "#cabinet-boreder", "uv": [ 0.0, 0.0, 16.0, 2.5 ], "autoUv": false },
						"up": { "texture": "#cabinet-boreder", "uv": [ 0.0, 0.0, 16.0, 2.5 ], "rotation": 90, "autoUv": false },
						"down": { "texture": "#cabinet-boreder", "uv": [ 0.0, 0.0, 16.0, 2.5 ], "rotation": 270, "autoUv": false }
					}
				},
				{
					"name": "Frame S Front E B",
					"from": [ 7.0, -8.0, 1.0 ], 
					"to": [ 8.0, -6.0, 15.0 ], 
					"rotationOrigin": [ 7.0, -8.0, 1.0 ],
					"faces": {
						"north": { "texture": "#cabinet-boreder", "uv": [ 0.0, 0.0, 16.0, 2.5 ], "autoUv": false },
						"east": { "texture": "#cabinet-boreder", "uv": [ 0.0, 0.0, 16.0, 2.5 ], "autoUv": false },
						"south": { "texture": "#cabinet-boreder", "uv": [ 0.0, 0.0, 16.0, 2.5 ], "rotation": 180, "autoUv": false },
						"west": { "texture": "#cabinet-boreder", "uv": [ 0.0, 0.0, 16.0, 2.5 ], "autoUv": false },
						"up": { "texture": "#cabinet-boreder", "uv": [ 0.0, 0.0, 16.0, 2.5 ], "rotation": 90, "autoUv": false },
						"down": { "texture": "#cabinet-boreder", "uv": [ 0.0, 0.0, 16.0, 2.5 ], "rotation": 90, "autoUv": false }
					}
				},
				{
					"name": "FrameSupportL",
					"from": [ -8.0, -6.0, 14.8 ], 
					"to": [ -7.0, 6.0, 15.3 ], 
					"rotationOrigin": [ -9.0, -6.0, 14.0 ],
					"faces": {
						"north": { "texture": "#cabinet", "uv": [ 0.0, 0.0, 1.0, 12.0 ], "enabled": false },
						"east": { "texture": "#cabinet", "uv": [ 0.0, 0.0, 1.5, 16.0 ], "autoUv": false },
						"south": { "texture": "#cabinet-boreder", "uv": [ 0.0, 0.0, 16.0, 2.5 ], "rotation": 270, "autoUv": false },
						"west": { "texture": "#cabinet", "uv": [ 0.0, 0.0, 1.5, 16.0 ], "autoUv": false },
						"up": { "texture": "#cabinet", "uv": [ 0.0, 0.0, 1.0, 0.5 ], "enabled": false },
						"down": { "texture": "#cabinet-boreder", "uv": [ 0.0, 0.0, 1.0, 0.5 ], "enabled": false }
					}
				},
				{
					"name": "Frame F",
					"from": [ -23.0, -6.0, 14.0 ], 
					"to": [ -7.0, 6.0, 15.0 ], 
					"rotationOrigin": [ -23.0, -6.0, 14.0 ],
					"faces": {
						"north": { "texture": "#cabinet", "uv": [ 0.0, 0.0, 16.0, 16.0 ], "autoUv": false },
						"east": { "texture": "#cabinet-boreder", "uv": [ 0.0, 0.0, 16.0, 2.5 ], "rotation": 90, "autoUv": false },
						"south": { "texture": "#cabinet", "uv": [ 0.0, 0.0, 16.0, 16.0 ], "autoUv": false },
						"west": { "texture": "#cabinet", "uv": [ 0.0, 0.0, 1.5, 16.0 ], "autoUv": false },
						"up": { "texture": "#cabinet", "uv": [ 0.0, 0.0, 16.0, 1.5 ], "autoUv": false },
						"down": { "texture": "#cabinet", "uv": [ 0.0, 0.0, 16.0, 1.5 ], "autoUv": false }
					}
				},
				{
					"name": "FrameSupportR",
					"from": [ 7.0, -6.0, 14.8 ], 
					"to": [ 8.0, 6.0, 15.3 ], 
					"rotationOrigin": [ 6.0, -6.0, 14.0 ],
					"faces": {
						"north": { "texture": "#cabinet", "uv": [ 0.0, 0.0, 1.0, 12.0 ], "enabled": false },
						"east": { "texture": "#cabinet", "uv": [ 0.0, 0.0, 1.5, 16.0 ], "autoUv": false },
						"south": { "texture": "#cabinet-boreder", "uv": [ 0.0, 0.0, 16.0, 2.5 ], "rotation": 270, "autoUv": false },
						"west": { "texture": "#cabinet", "uv": [ 0.0, 0.0, 1.5, 16.0 ], "autoUv": false },
						"up": { "texture": "#cabinet", "uv": [ 0.0, 0.0, 1.0, 0.5 ], "enabled": false },
						"down": { "texture": "#cabinet-boreder", "uv": [ 0.0, 0.0, 1.0, 0.5 ], "enabled": false }
					}
				}
			]
		},
		{
			"name": "SinkL",
			"from": [ 8.0, 16.0, 3.0 ], 
			"to": [ 8.0, 16.0, 3.0 ], 
			"rotationOrigin": [ 8.0, 16.0, 3.0 ],
			"faces": {
				"north": { "texture": "#cabinet-detail", "uv": [ 0.0, 0.0, 0.5, 0.5 ], "enabled": false },
				"east": { "texture": "#cabinet-detail", "uv": [ 0.0, 0.0, 0.5, 0.5 ], "enabled": false },
				"south": { "texture": "#cabinet-detail", "uv": [ 0.0, 0.0, 0.5, 0.5 ], "enabled": false },
				"west": { "texture": "#cabinet-detail", "uv": [ 0.0, 0.0, 0.5, 0.5 ], "enabled": false },
				"up": { "texture": "#cabinet-detail", "uv": [ 0.0, 0.0, 0.5, 0.5 ], "enabled": false },
				"down": { "texture": "#cabinet-detail", "uv": [ 0.0, 0.0, 0.5, 0.5 ], "enabled": false }
			},
			"children": [
				{
					"name": "FrameSinkE",
					"from": [ 5.0, -3.0, 11.5 ], 
					"to": [ 15.6, 0.5, 12.0 ], 
					"rotationOrigin": [ 4.5, -3.0, 11.0 ],
					"rotationY": 90.0,
					"faces": {
						"north": { "texture": "#copper", "uv": [ 0.0, 0.0, 16.0, 7.5 ], "autoUv": false },
						"east": { "texture": "#copper", "uv": [ 0.0, 0.0, 15.5, 4.0 ], "enabled": false, "autoUv": false },
						"south": { "texture": "#copper", "uv": [ 0.0, 0.0, 16.0, 7.5 ], "autoUv": false },
						"west": { "texture": "#copper", "uv": [ 0.0, 0.0, 2.5, 16.0 ], "autoUv": false },
						"up": { "texture": "#copper", "uv": [ 0.0, 2.0, 16.0, 0.0 ], "autoUv": false },
						"down": { "texture": "#copper", "uv": [ 0.0, 0.0, 9.0, 2.0 ], "enabled": false, "autoUv": false }
					}
				},
				{
					"name": "FrameSinkS",
					"from": [ -5.5, -3.0, 10.0 ], 
					"to": [ 5.0, 0.5, 10.5 ], 
					"rotationOrigin": [ -5.0, -3.0, 10.0 ],
					"faces": {
						"north": { "texture": "#copper", "uv": [ 0.0, 0.0, 16.0, 7.5 ], "autoUv": false },
						"east": { "texture": "#copper", "uv": [ 0.0, 0.0, 16.0, 3.0 ], "enabled": false, "autoUv": false },
						"south": { "texture": "#copper", "uv": [ 0.0, 0.0, 16.0, 7.5 ], "autoUv": false },
						"west": { "texture": "#copper", "uv": [ 0.0, 0.0, 3.0, 8.5 ], "enabled": false, "autoUv": false },
						"up": { "texture": "#copper", "uv": [ 0.0, 0.0, 16.0, 2.0 ], "autoUv": false },
						"down": { "texture": "#copper", "uv": [ 0.0, 0.0, 9.0, 2.0 ], "enabled": false, "autoUv": false }
					}
				},
				{
					"name": "FrameSinkW",
					"from": [ -6.0, -3.0, -0.1 ], 
					"to": [ -5.5, 0.5, 10.5 ], 
					"rotationOrigin": [ -7.0, -2.0, 0.0 ],
					"faces": {
						"north": { "texture": "#copper", "uv": [ 0.0, 0.0, 16.0, 4.0 ], "enabled": false, "autoUv": false },
						"east": { "texture": "#copper", "uv": [ 0.0, 0.0, 16.0, 7.5 ], "autoUv": false },
						"south": { "texture": "#copper", "uv": [ 0.0, 0.0, 2.5, 16.0 ], "autoUv": false },
						"west": { "texture": "#copper", "uv": [ 0.0, 0.0, 16.0, 7.5 ], "autoUv": false },
						"up": { "texture": "#copper", "uv": [ 0.0, 0.0, 3.0, 16.0 ], "autoUv": false },
						"down": { "texture": "#copper", "uv": [ 0.0, 0.0, 3.0, 16.0 ], "autoUv": false }
					}
				},
				{
					"name": "FrameSinkN",
					"from": [ -6.06, -3.8, 1.0 ], 
					"to": [ 5.54, 0.7, 1.5 ], 
					"rotationOrigin": [ -6.0, -3.0, 0.0 ],
					"rotationX": -22.5000003066977,
					"faces": {
						"north": { "texture": "#copper", "uv": [ 0.0, 0.0, 16.0, 3.0 ], "enabled": false, "autoUv": false },
						"east": { "texture": "#copper", "uv": [ 0.0, 0.0, 16.0, 7.5 ], "enabled": false, "autoUv": false },
						"south": { "texture": "#copper", "uv": [ 0.0, 0.0, 16.0, 7.5 ], "autoUv": false },
						"west": { "texture": "#copper", "uv": [ 0.0, 0.0, 16.0, 7.5 ], "enabled": false, "autoUv": false },
						"up": { "texture": "#copper", "uv": [ 0.0, 0.0, 16.0, 2.0 ], "autoUv": false },
						"down": { "texture": "#copper", "uv": [ 0.0, 0.0, 16.0, 2.0 ], "autoUv": false }
					}
				},
				{
					"name": "CountertopS",
					"from": [ -6.0, -1.0, 10.5 ], 
					"to": [ 5.5, 0.0, 13.5 ], 
					"rotationOrigin": [ -5.0, -1.0, 10.0 ],
					"faces": {
						"north": { "texture": "#countertop-border", "uv": [ 0.0, 0.0, 16.0, 2.0 ], "enabled": false, "autoUv": false },
						"east": { "texture": "#countertop-border", "uv": [ 0.0, 2.5, 16.0, 0.5 ], "enabled": false, "autoUv": false },
						"south": { "texture": "#countertop-border", "uv": [ 0.0, 0.0, 16.0, 2.0 ], "autoUv": false },
						"west": { "texture": "#countertop-border", "uv": [ 0.0, 0.0, 16.0, 2.0 ], "enabled": false, "autoUv": false },
						"up": { "texture": "#countertop", "uv": [ 1.0, 13.1, 14.5, 16.0 ], "autoUv": false },
						"down": { "texture": "#countertop", "uv": [ 1.0, 13.1, 14.5, 16.0 ], "rotation": 180, "autoUv": false }
					}
				},
				{
					"name": "CountertopE",
					"from": [ 5.0, -1.0, -3.0 ], 
					"to": [ 8.0, 0.0, 13.5 ], 
					"rotationOrigin": [ 5.0, -1.0, -3.0 ],
					"faces": {
						"north": { "texture": "#countertop-border", "uv": [ 0.0, 0.0, 8.0, 2.0 ], "autoUv": false },
						"east": { "texture": "#countertop-border", "uv": [ 0.0, 2.0, 16.0, 0.0 ], "autoUv": false },
						"south": { "texture": "#countertop-border", "uv": [ 0.0, 0.0, 8.0, 2.0 ], "autoUv": false },
						"west": { "texture": "#countertop-border", "uv": [ 0.0, 0.0, 16.0, 2.0 ], "enabled": false, "autoUv": false },
						"up": { "texture": "#countertop", "uv": [ 13.0, 0.0, 16.0, 16.0 ], "autoUv": false },
						"down": { "texture": "#countertop", "uv": [ 13.0, 0.0, 16.0, 16.0 ], "autoUv": false }
					}
				},
				{
					"name": "CountertopN",
					"from": [ -6.5, -1.0, -3.0 ], 
					"to": [ 5.0, 0.0, 0.0 ], 
					"rotationOrigin": [ -7.0, -1.0, -3.0 ],
					"faces": {
						"north": { "texture": "#countertop-border", "uv": [ 0.0, 0.0, 16.0, 2.0 ], "autoUv": false },
						"east": { "texture": "#countertop-border", "uv": [ 0.0, 2.5, 16.0, 0.5 ], "enabled": false, "autoUv": false },
						"south": { "texture": "#countertop-border", "uv": [ 0.0, 0.0, 16.0, 2.0 ], "enabled": false, "autoUv": false },
						"west": { "texture": "#countertop-border", "uv": [ 0.0, 0.0, 16.0, 2.0 ], "enabled": false, "autoUv": false },
						"up": { "texture": "#countertop", "uv": [ 1.0, 0.0, 14.5, 3.0 ], "autoUv": false },
						"down": { "texture": "#countertop", "uv": [ 1.0, 13.0, 14.5, 16.0 ], "autoUv": false }
					}
				},
				{
					"name": "FrameSinkWoodN",
					"from": [ -6.5, 0.0, -0.7 ], 
					"to": [ 6.0, 0.7, -0.2 ], 
					"rotationOrigin": [ -6.0, 0.0, -1.0 ],
					"faces": {
						"north": { "texture": "#cabinet-boreder", "uv": [ 0.0, 0.0, 16.0, 2.5 ], "autoUv": false },
						"east": { "texture": "#cabinet-boreder", "uv": [ 0.0, 0.0, 2.0, 2.5 ], "autoUv": false },
						"south": { "texture": "#cabinet-boreder", "uv": [ 0.0, 0.0, 16.0, 2.5 ], "autoUv": false },
						"west": { "texture": "#cabinet-boreder", "uv": [ 0.0, 0.0, 2.0, 2.5 ], "autoUv": false },
						"up": { "texture": "#cabinet-boreder", "uv": [ 0.0, 0.0, 16.0, 2.5 ], "autoUv": false },
						"down": { "texture": "#cabinet-boreder", "uv": [ 0.0, 0.0, 16.0, 2.5 ], "enabled": false, "autoUv": false }
					}
				},
				{
					"name": "FrameSinkWoodS",
					"from": [ -6.5, 0.0, 10.3 ], 
					"to": [ 6.0, 0.7, 10.8 ], 
					"rotationOrigin": [ -6.0, 0.0, 10.0 ],
					"faces": {
						"north": { "texture": "#cabinet-boreder", "uv": [ 0.0, 0.0, 16.0, 2.5 ], "autoUv": false },
						"east": { "texture": "#cabinet-boreder", "uv": [ 0.0, 0.0, 2.0, 2.5 ], "autoUv": false },
						"south": { "texture": "#cabinet-boreder", "uv": [ 0.0, 0.0, 16.0, 2.5 ], "autoUv": false },
						"west": { "texture": "#cabinet-boreder", "uv": [ 0.0, 0.0, 2.0, 2.5 ], "autoUv": false },
						"up": { "texture": "#cabinet-boreder", "uv": [ 0.0, 0.0, 16.0, 2.5 ], "autoUv": false },
						"down": { "texture": "#cabinet-boreder", "uv": [ 0.0, 0.0, 16.0, 2.5 ], "enabled": false, "autoUv": false }
					}
				},
				{
					"name": "FrameSinkWoodW",
					"from": [ -6.25, 0.0, 0.0 ], 
					"to": [ 4.3, 0.7, 0.5 ], 
					"rotationOrigin": [ -6.0, 0.0, 0.0 ],
					"rotationY": -90.0,
					"faces": {
						"north": { "texture": "#cabinet-boreder", "uv": [ 0.0, 0.0, 16.0, 2.5 ], "autoUv": false },
						"east": { "texture": "#cabinet-boreder", "uv": [ 0.0, 0.0, 2.0, 2.5 ], "autoUv": false },
						"south": { "texture": "#cabinet-boreder", "uv": [ 0.0, 0.0, 16.0, 2.5 ], "autoUv": false },
						"west": { "texture": "#cabinet-boreder", "uv": [ 0.0, 0.0, 2.0, 2.5 ], "autoUv": false },
						"up": { "texture": "#cabinet-boreder", "uv": [ 0.0, 0.0, 16.0, 2.5 ], "autoUv": false },
						"down": { "texture": "#cabinet-boreder", "uv": [ 0.0, 0.0, 16.0, 2.5 ], "enabled": false, "autoUv": false }
					}
				},
				{
					"name": "FrameSinkWoodE",
					"from": [ 5.75, 0.0, 0.0 ], 
					"to": [ 16.3, 0.7, 0.5 ], 
					"rotationOrigin": [ 6.0, 0.0, 0.0 ],
					"rotationY": -90.0,
					"faces": {
						"north": { "texture": "#cabinet-boreder", "uv": [ 0.0, 0.0, 16.0, 2.5 ], "autoUv": false },
						"east": { "texture": "#cabinet-boreder", "uv": [ 0.0, 0.0, 2.0, 2.5 ], "autoUv": false },
						"south": { "texture": "#cabinet-boreder", "uv": [ 0.0, 0.0, 16.0, 2.5 ], "autoUv": false },
						"west": { "texture": "#cabinet-boreder", "uv": [ 0.0, 0.0, 2.0, 2.5 ], "autoUv": false },
						"up": { "texture": "#cabinet-boreder", "uv": [ 0.0, 0.0, 16.0, 2.5 ], "autoUv": false },
						"down": { "texture": "#cabinet-boreder", "uv": [ 0.0, 0.0, 16.0, 2.5 ], "enabled": false, "autoUv": false }
					}
				},
				{
					"name": "FrameSinkB",
					"from": [ -6.0, -3.2, 8.45 ], 
					"to": [ 3.0, -3.2, 20.0 ], 
					"rotationOrigin": [ -5.0, -3.0, 9.5 ],
					"rotationY": 89.9802127184967,
					"faces": {
						"north": { "texture": "#copper", "uv": [ 0.0, 0.0, 9.0, 0.5 ] },
						"east": { "texture": "#copper", "uv": [ 0.5, 0.0, 12.0, 0.5 ] },
						"south": { "texture": "#copper", "uv": [ 0.0, 0.0, 9.0, 0.5 ] },
						"west": { "texture": "#copper", "uv": [ 0.0, 0.0, 11.5, 0.5 ] },
						"up": { "texture": "#copper", "uv": [ 0.0, 0.0, 9.0, 11.5 ] },
						"down": { "texture": "#copper", "uv": [ 0.0, 0.0, 9.0, 11.5 ] }
					}
				},
				{
					"name": "Countertop E R",
					"from": [ -7.5, -1.0, -3.0 ], 
					"to": [ -6.0, 0.0, 13.5 ], 
					"rotationOrigin": [ -7.0, -1.0, -3.0 ],
					"faces": {
						"north": { "texture": "#countertop-border", "uv": [ 7.0, 0.0, 10.5, 2.0 ], "autoUv": false },
						"east": { "texture": "#countertop-border", "uv": [ 0.0, 2.0, 16.0, 0.0 ], "enabled": false, "autoUv": false },
						"south": { "texture": "#countertop-border", "uv": [ 6.5, 0.0, 10.5, 2.0 ], "autoUv": false },
						"west": { "texture": "#countertop-border", "uv": [ 0.0, 0.0, 16.0, 2.0 ], "enabled": false, "autoUv": false },
						"up": { "texture": "#countertop", "uv": [ 12.0, 0.0, 14.5, 16.0 ], "autoUv": false },
						"down": { "texture": "#countertop", "uv": [ 12.0, 0.0, 14.5, 16.0 ], "autoUv": false }
					}
				}
			]
		},
		{
			"name": "SinkR",
			"from": [ -8.0, 16.0, 3.0 ], 
			"to": [ -8.0, 16.0, 3.0 ], 
			"rotationOrigin": [ -8.0, 16.0, 3.0 ],
			"faces": {
				"north": { "texture": "#cabinet-detail", "uv": [ 0.0, 0.0, 0.5, 0.5 ], "enabled": false },
				"east": { "texture": "#cabinet-detail", "uv": [ 0.0, 0.0, 0.5, 0.5 ], "enabled": false },
				"south": { "texture": "#cabinet-detail", "uv": [ 0.0, 0.0, 0.5, 0.5 ], "enabled": false },
				"west": { "texture": "#cabinet-detail", "uv": [ 0.0, 0.0, 0.5, 0.5 ], "enabled": false },
				"up": { "texture": "#cabinet-detail", "uv": [ 0.0, 0.0, 0.5, 0.5 ], "enabled": false },
				"down": { "texture": "#cabinet-detail", "uv": [ 0.0, 0.0, 0.5, 0.5 ], "enabled": false }
			},
			"children": [
				{
					"name": "FrameSinkE L",
					"from": [ 8.0, -3.0, 11.5 ], 
					"to": [ 18.6, 0.5, 12.0 ], 
					"rotationOrigin": [ 7.5, -3.0, 11.0 ],
					"rotationY": 90.0,
					"faces": {
						"north": { "texture": "#copper", "uv": [ 0.0, 0.0, 16.0, 7.5 ], "autoUv": false },
						"east": { "texture": "#copper", "uv": [ 0.0, 0.0, 15.5, 4.0 ], "enabled": false, "autoUv": false },
						"south": { "texture": "#copper", "uv": [ 0.0, 0.0, 16.0, 7.5 ], "autoUv": false },
						"west": { "texture": "#copper", "uv": [ 0.0, 0.0, 2.5, 16.0 ], "autoUv": false },
						"up": { "texture": "#copper", "uv": [ 0.0, 2.0, 16.0, 0.0 ], "autoUv": false },
						"down": { "texture": "#copper", "uv": [ 0.0, 0.0, 9.0, 2.0 ], "enabled": false, "autoUv": false }
					}
				},
				{
					"name": "FrameSinkS L",
					"from": [ -4.5, -3.0, 10.0 ], 
					"to": [ 8.0, 0.5, 10.5 ], 
					"rotationOrigin": [ -4.0, -3.0, 10.0 ],
					"faces": {
						"north": { "texture": "#copper", "uv": [ 0.0, 0.0, 16.0, 7.5 ], "autoUv": false },
						"east": { "texture": "#copper", "uv": [ 0.0, 0.0, 3.0, 8.5 ], "enabled": false, "autoUv": false },
						"south": { "texture": "#copper", "uv": [ 0.0, 0.0, 16.0, 7.5 ], "autoUv": false },
						"west": { "texture": "#copper", "uv": [ 0.0, 0.0, 3.0, 8.5 ], "enabled": false, "autoUv": false },
						"up": { "texture": "#copper", "uv": [ 0.0, 0.0, 16.0, 2.0 ], "autoUv": false },
						"down": { "texture": "#copper", "uv": [ 0.0, 0.0, 9.0, 2.0 ], "enabled": false, "autoUv": false }
					}
				},
				{
					"name": "FrameSinkW L",
					"from": [ -5.0, -3.0, -0.1 ], 
					"to": [ -4.5, 0.5, 10.5 ], 
					"rotationOrigin": [ -5.0, -2.0, 0.0 ],
					"faces": {
						"north": { "texture": "#copper", "uv": [ 0.0, 0.0, 16.0, 4.0 ], "enabled": false, "autoUv": false },
						"east": { "texture": "#copper", "uv": [ 0.0, 0.0, 16.0, 7.5 ], "autoUv": false },
						"south": { "texture": "#copper", "uv": [ 0.0, 0.0, 2.5, 16.0 ], "autoUv": false },
						"west": { "texture": "#copper", "uv": [ 0.0, 0.0, 16.0, 7.5 ], "autoUv": false },
						"up": { "texture": "#copper", "uv": [ 0.0, 0.0, 3.0, 16.0 ], "autoUv": false },
						"down": { "texture": "#copper", "uv": [ 0.0, 0.0, 2.5, 8.0 ], "enabled": false, "autoUv": false }
					}
				},
				{
					"name": "FrameSinkN L",
					"from": [ -5.0, -3.8, 1.0 ], 
					"to": [ 8.5, 0.7, 1.5 ], 
					"rotationOrigin": [ -5.0, -3.0, 0.0 ],
					"rotationX": -22.5000003066977,
					"faces": {
						"north": { "texture": "#copper", "uv": [ 0.0, 0.0, 16.0, 3.0 ], "enabled": false, "autoUv": false },
						"east": { "texture": "#copper", "uv": [ 0.0, 0.0, 16.0, 7.5 ], "autoUv": false },
						"south": { "texture": "#copper", "uv": [ 0.0, 0.0, 16.0, 7.5 ], "autoUv": false },
						"west": { "texture": "#copper", "uv": [ 0.0, 0.0, 16.0, 7.5 ], "autoUv": false },
						"up": { "texture": "#copper", "uv": [ 0.0, 0.0, 16.0, 2.0 ], "autoUv": false },
						"down": { "texture": "#copper", "uv": [ 0.0, 0.0, 9.0, 2.0 ], "enabled": false, "autoUv": false }
					}
				},
				{
					"name": "Countertop W L",
					"from": [ -8.0, -1.0, -3.0 ], 
					"to": [ -5.0, 0.0, 13.5 ], 
					"rotationOrigin": [ -8.0, -1.0, -3.0 ],
					"faces": {
						"north": { "texture": "#countertop-border", "uv": [ 0.0, 0.0, 8.0, 2.0 ], "autoUv": false },
						"east": { "texture": "#countertop-border", "uv": [ 0.0, 2.0, 16.0, 0.0 ], "enabled": false, "autoUv": false },
						"south": { "texture": "#countertop-border", "uv": [ 0.0, 0.0, 8.0, 2.0 ], "autoUv": false },
						"west": { "texture": "#countertop-border", "uv": [ 0.0, 0.0, 16.0, 2.0 ], "autoUv": false },
						"up": { "texture": "#countertop", "uv": [ 0.0, 0.0, 3.0, 16.0 ], "autoUv": false },
						"down": { "texture": "#countertop", "uv": [ 12.5, 0.5, 16.0, 15.0 ], "rotation": 180, "autoUv": false }
					}
				},
				{
					"name": "Countertop S L",
					"from": [ -5.0, -1.0, 10.5 ], 
					"to": [ 8.5, 0.0, 13.5 ], 
					"rotationOrigin": [ -5.0, -1.0, 10.0 ],
					"faces": {
						"north": { "texture": "#countertop-border", "uv": [ 0.0, 0.0, 16.0, 2.0 ], "enabled": false, "autoUv": false },
						"east": { "texture": "#countertop-border", "uv": [ 0.0, 2.5, 16.0, 0.5 ], "enabled": false, "autoUv": false },
						"south": { "texture": "#countertop-border", "uv": [ 0.0, 0.0, 16.0, 2.0 ], "autoUv": false },
						"west": { "texture": "#countertop-border", "uv": [ 0.0, 0.0, 16.0, 2.0 ], "enabled": false, "autoUv": false },
						"up": { "texture": "#countertop", "uv": [ 1.0, 13.1, 14.5, 16.0 ], "autoUv": false },
						"down": { "texture": "#countertop", "uv": [ 1.0, 13.1, 14.5, 16.0 ], "rotation": 180, "autoUv": false }
					}
				},
				{
					"name": "Countertop N L",
					"from": [ -5.0, -1.0, -3.0 ], 
					"to": [ 8.5, 0.0, 0.0 ], 
					"rotationOrigin": [ -5.0, -1.0, -3.0 ],
					"faces": {
						"north": { "texture": "#countertop-border", "uv": [ 0.0, 0.0, 16.0, 2.0 ], "autoUv": false },
						"east": { "texture": "#countertop-border", "uv": [ 0.0, 2.5, 16.0, 0.5 ], "enabled": false, "autoUv": false },
						"south": { "texture": "#countertop-border", "uv": [ 0.0, 0.0, 16.0, 2.0 ], "enabled": false, "autoUv": false },
						"west": { "texture": "#countertop-border", "uv": [ 0.0, 0.0, 16.0, 2.0 ], "enabled": false, "autoUv": false },
						"up": { "texture": "#countertop", "uv": [ 1.0, 0.0, 14.5, 3.0 ], "autoUv": false },
						"down": { "texture": "#countertop", "uv": [ 1.0, 13.0, 14.5, 16.0 ], "autoUv": false }
					}
				},
				{
					"name": "FrameSinkWood N L",
					"from": [ -5.5, 0.0, -0.7 ], 
					"to": [ 9.0, 0.7, -0.2 ], 
					"rotationOrigin": [ -5.0, 0.0, -1.0 ],
					"faces": {
						"north": { "texture": "#cabinet-boreder", "uv": [ 0.0, 0.0, 16.0, 2.5 ], "autoUv": false },
						"east": { "texture": "#cabinet-boreder", "uv": [ 0.0, 0.0, 2.0, 2.5 ], "autoUv": false },
						"south": { "texture": "#cabinet-boreder", "uv": [ 0.0, 0.0, 16.0, 2.5 ], "autoUv": false },
						"west": { "texture": "#cabinet-boreder", "uv": [ 0.0, 0.0, 2.0, 2.5 ], "autoUv": false },
						"up": { "texture": "#cabinet-boreder", "uv": [ 0.0, 0.0, 16.0, 2.5 ], "autoUv": false },
						"down": { "texture": "#cabinet-boreder", "uv": [ 0.0, 0.0, 16.0, 2.5 ], "enabled": false, "autoUv": false }
					}
				},
				{
					"name": "FrameSinkWood S L",
					"from": [ -5.5, 0.0, 10.3 ], 
					"to": [ 9.0, 0.7, 10.8 ], 
					"rotationOrigin": [ -5.0, 0.0, 10.0 ],
					"faces": {
						"north": { "texture": "#cabinet-boreder", "uv": [ 0.0, 0.0, 16.0, 2.5 ], "autoUv": false },
						"east": { "texture": "#cabinet-boreder", "uv": [ 0.0, 0.0, 2.0, 2.5 ], "autoUv": false },
						"south": { "texture": "#cabinet-boreder", "uv": [ 0.0, 0.0, 16.0, 2.5 ], "autoUv": false },
						"west": { "texture": "#cabinet-boreder", "uv": [ 0.0, 0.0, 2.0, 2.5 ], "autoUv": false },
						"up": { "texture": "#cabinet-boreder", "uv": [ 0.0, 0.0, 16.0, 2.5 ], "autoUv": false },
						"down": { "texture": "#cabinet-boreder", "uv": [ 0.0, 0.0, 16.0, 2.5 ], "enabled": false, "autoUv": false }
					}
				},
				{
					"name": "FrameSinkWood W L",
					"from": [ -5.25, 0.0, 0.0 ], 
					"to": [ 5.3, 0.7, 0.5 ], 
					"rotationOrigin": [ -5.0, 0.0, 0.0 ],
					"rotationY": -90.0,
					"faces": {
						"north": { "texture": "#cabinet-boreder", "uv": [ 0.0, 0.0, 16.0, 2.5 ], "autoUv": false },
						"east": { "texture": "#cabinet-boreder", "uv": [ 0.0, 0.0, 2.0, 2.5 ], "autoUv": false },
						"south": { "texture": "#cabinet-boreder", "uv": [ 0.0, 0.0, 16.0, 2.5 ], "autoUv": false },
						"west": { "texture": "#cabinet-boreder", "uv": [ 0.0, 0.0, 2.0, 2.5 ], "autoUv": false },
						"up": { "texture": "#cabinet-boreder", "uv": [ 0.0, 0.0, 16.0, 2.5 ], "autoUv": false },
						"down": { "texture": "#cabinet-boreder", "uv": [ 0.0, 0.0, 16.0, 2.5 ], "enabled": false, "autoUv": false }
					}
				},
				{
					"name": "FrameSinkWood E L",
					"from": [ 8.75, 0.0, 0.0 ], 
					"to": [ 19.3, 0.7, 0.5 ], 
					"rotationOrigin": [ 9.0, 0.0, 0.0 ],
					"rotationY": -90.0,
					"faces": {
						"north": { "texture": "#cabinet-boreder", "uv": [ 0.0, 0.0, 16.0, 2.5 ], "autoUv": false },
						"east": { "texture": "#cabinet-boreder", "uv": [ 0.0, 0.0, 2.0, 2.5 ], "autoUv": false },
						"south": { "texture": "#cabinet-boreder", "uv": [ 0.0, 0.0, 16.0, 2.5 ], "autoUv": false },
						"west": { "texture": "#cabinet-boreder", "uv": [ 0.0, 0.0, 2.0, 2.5 ], "autoUv": false },
						"up": { "texture": "#cabinet-boreder", "uv": [ 0.0, 0.0, 16.0, 2.5 ], "autoUv": false },
						"down": { "texture": "#cabinet-boreder", "uv": [ 0.0, 0.0, 16.0, 2.5 ], "enabled": false, "autoUv": false }
					}
				},
				{
					"name": "FrameSink B L",
					"from": [ -5.0, -3.2, 8.45 ], 
					"to": [ 4.0, -3.2, 22.0 ], 
					"rotationOrigin": [ -4.0, -3.0, 9.5 ],
					"rotationY": 89.9802127184967,
					"faces": {
						"north": { "texture": "#copper", "uv": [ 0.0, 0.0, 9.0, 0.5 ] },
						"east": { "texture": "#copper", "uv": [ 0.5, 0.0, 13.0, 0.5 ] },
						"south": { "texture": "#copper", "uv": [ 0.0, 0.0, 9.0, 0.5 ] },
						"west": { "texture": "#copper", "uv": [ 0.0, 0.0, 12.5, 0.5 ] },
						"up": { "texture": "#copper", "uv": [ 0.0, 0.0, 9.0, 12.5 ] },
						"down": { "texture": "#copper", "uv": [ 0.0, 0.0, 9.0, 12.5 ] }
					}
				}
			]
		}
	],
	"animations": [
		{
			"name": "lidopen",
			"code": "lidopen",
			"quantityframes": 30,
			"onActivityStopped": "EaseOut",
			"onAnimationEnd": "Hold",
			"keyframes": [
				{
					"frame": 0,
					"elements": {
						"DoorRight": { "rotationX": 0.0, "rotationY": 0.0, "rotationZ": 0.0 }
					}
				},
				{
					"frame": 29,
					"elements": {
						"DoorRight": { "rotationX": 0.0, "rotationY": -112.5, "rotationZ": 0.0 }
					}
				}
			]
		}
	]
}