{
	"editor": {
		"allAngles": false,
		"entityTextureMode": false
	},
	"textureWidth": 12,
	"textureHeight": 12,
	"textureSizes": {
	},
	"textures": {
	},
	"elements": [
		{
			"name": "food",
			"from": [ 2.0, 5.5, 2.0 ], 
			"to": [ 14.0, 6.0, 14.0 ], 
			"renderPass": 0,
			"rotationOrigin": [ 0.0, 2.0, 0.0 ],
			"faces": {
				"north": { "texture": "#raw-onion", "uv": [ 0.0, 0.0, 12.0, 0.5 ], "enabled": false },
				"east": { "texture": "#raw-onion", "uv": [ 0.0, 0.0, 12.0, 0.5 ], "enabled": false },
				"south": { "texture": "#raw-onion", "uv": [ 0.0, 0.0, 12.0, 0.5 ], "enabled": false },
				"west": { "texture": "#raw-onion", "uv": [ 0.0, 0.0, 12.0, 0.5 ], "enabled": false },
				"up": { "texture": "#raw-onion", "uv": [ 0.0, 0.0, 12.0, 12.0 ] },
				"down": { "texture": "#raw-onion", "uv": [ 0.0, 0.0, 12.0, 12.0 ], "enabled": false }
			}
		}
	]}