{
	"editor": {
		"allAngles": false,
		"entityTextureMode": false
	},
	"textureWidth": 16,
	"textureHeight": 16,
	"textureSizes": {
		"cabinet-detail": [16,16],
		"cabinet-border": [16,16],
		"whitemarble": [16,16],
		"whitemarble-border": [16,16],
		"shinybrass": [16,16],
		"cabinet": [16,16]
	},
	"textures": {
		"cabinet-detail": "block/wood/acacia/cabinet-detail",
		"shinybrass": "block/metal/shinybrass",
		"cabinet-boreder": "block/wood/acacia/cabinet-boreder",
		"cabinet": "block/wood/acacia/cabinet"
	},
	"elements": [
		{
			"name": "Door",
			"from": [ 1.0, 1.0, 15.0 ], 
			"to": [ 15.0, 15.0, 15.5 ], 
			"rotationOrigin": [ 0.5, 8.0, 15.0 ],
			"rotationY": -112.5,
			"faces": {
				"north": { "texture": "#cabinet-detail", "uv": [ 0.0, 0.0, 16.0, 16.0 ], "autoUv": false },
				"east": { "texture": "#cabinet", "uv": [ 0.0, 0.0, 2.0, 16.0 ], "autoUv": false },
				"south": { "texture": "#cabinet-detail", "uv": [ 0.0, 0.0, 16.0, 16.0 ], "autoUv": false },
				"west": { "texture": "#cabinet", "uv": [ 0.0, 0.0, 2.0, 16.0 ], "autoUv": false },
				"up": { "texture": "#cabinet", "uv": [ 0.0, 0.0, 16.0, 1.5 ], "autoUv": false },
				"down": { "texture": "#cabinet", "uv": [ 0.0, 0.0, 16.0, 1.5 ], "autoUv": false }
			},
			"children": [
				{
					"name": "Handle",
					"from": [ 12.5, 5.0, 1.2 ], 
					"to": [ 13.0, 8.0, 1.5 ], 
					"rotationOrigin": [ 11.0, 5.0, 2.0 ],
					"faces": {
						"north": { "texture": "#null", "uv": [ 0.0, 0.0, 16.0, 16.0 ], "enabled": false, "autoUv": false },
						"east": { "texture": "#shinybrass", "uv": [ 0.0, 0.0, 16.0, 16.0 ], "autoUv": false },
						"south": { "texture": "#shinybrass", "uv": [ 0.0, 0.0, 16.0, 16.0 ], "autoUv": false },
						"west": { "texture": "#shinybrass", "uv": [ 0.0, 0.0, 16.0, 16.0 ], "autoUv": false },
						"up": { "texture": "#shinybrass", "uv": [ 0.0, 0.0, 16.0, 16.0 ], "autoUv": false },
						"down": { "texture": "#shinybrass", "uv": [ 0.0, 0.0, 16.0, 16.0 ], "autoUv": false }
					},
					"children": [
						{
							"name": "PartB",
							"from": [ 0.0, 0.2, -0.5 ], 
							"to": [ 0.5, 0.5, 0.7 ], 
							"rotationOrigin": [ 0.0, 0.5, -0.5 ],
							"rotationX": -22.5000003066977,
							"faces": {
								"north": { "texture": "#null", "uv": [ 0.0, 0.0, 0.5, 0.5 ], "enabled": false },
								"east": { "texture": "#shinybrass", "uv": [ 0.0, 0.0, 16.0, 16.0 ], "autoUv": false },
								"south": { "texture": "#shinybrass", "uv": [ 0.0, 0.0, 16.0, 16.0 ], "autoUv": false },
								"west": { "texture": "#shinybrass", "uv": [ 0.0, 0.0, 16.0, 16.0 ], "autoUv": false },
								"up": { "texture": "#shinybrass", "uv": [ 0.0, 0.0, 16.0, 16.0 ], "autoUv": false },
								"down": { "texture": "#shinybrass", "uv": [ 0.0, 0.0, 16.0, 16.0 ], "autoUv": false }
							}
						},
						{
							"name": "PartT",
							"from": [ 0.0, 2.5, -0.5 ], 
							"to": [ 0.5, 2.8, 0.7 ], 
							"rotationOrigin": [ 0.0, 2.5, -0.5 ],
							"rotationX": 22.5000003066977,
							"faces": {
								"north": { "texture": "#null", "uv": [ 0.0, 0.0, 0.5, 0.5 ], "enabled": false },
								"east": { "texture": "#shinybrass", "uv": [ 0.0, 0.0, 16.0, 16.0 ], "autoUv": false },
								"south": { "texture": "#shinybrass", "uv": [ 0.0, 0.0, 16.0, 16.0 ], "autoUv": false },
								"west": { "texture": "#shinybrass", "uv": [ 0.0, 0.0, 16.0, 16.0 ], "autoUv": false },
								"up": { "texture": "#shinybrass", "uv": [ 0.0, 0.0, 16.0, 16.0 ], "autoUv": false },
								"down": { "texture": "#shinybrass", "uv": [ 0.0, 0.0, 16.0, 16.0 ], "autoUv": false }
							}
						}
					]
				},
				{
					"name": "HingeB",
					"from": [ -0.4, 2.0, 0.1 ], 
					"to": [ -0.2, 2.9, 0.3 ], 
					"rotationOrigin": [ 0.0, 2.0, 0.0 ],
					"faces": {
						"north": { "texture": "#shinybrass", "uv": [ 0.0, 0.0, 16.0, 16.0 ], "autoUv": false },
						"east": { "texture": "#shinybrass", "uv": [ 0.0, 0.0, 16.0, 16.0 ], "autoUv": false },
						"south": { "texture": "#shinybrass", "uv": [ 0.0, 0.0, 16.0, 16.0 ], "autoUv": false },
						"west": { "texture": "#shinybrass", "uv": [ 0.0, 0.0, 16.0, 16.0 ], "autoUv": false },
						"up": { "texture": "#shinybrass", "uv": [ 0.0, 0.0, 16.0, 16.0 ], "autoUv": false },
						"down": { "texture": "#shinybrass", "uv": [ 0.0, 0.0, 16.0, 16.0 ], "autoUv": false }
					},
					"children": [
						{
							"name": "HingeBTP",
							"from": [ -0.1, 0.9, -0.1 ], 
							"to": [ 0.4, 1.2, 0.3 ], 
							"rotationOrigin": [ 0.4, 0.9, -0.1 ],
							"faces": {
								"north": { "texture": "#shinybrass", "uv": [ 0.0, 0.0, 16.0, 16.0 ], "autoUv": false },
								"east": { "texture": "#shinybrass", "uv": [ 0.0, 0.0, 16.0, 16.0 ], "autoUv": false },
								"south": { "texture": "#shinybrass", "uv": [ 0.0, 0.0, 16.0, 16.0 ], "autoUv": false },
								"west": { "texture": "#shinybrass", "uv": [ 0.0, 0.0, 16.0, 16.0 ], "autoUv": false },
								"up": { "texture": "#shinybrass", "uv": [ 0.0, 0.0, 16.0, 16.0 ], "autoUv": false },
								"down": { "texture": "#shinybrass", "uv": [ 0.0, 0.0, 16.0, 16.0 ], "autoUv": false }
							}
						},
						{
							"name": "HingeBBP",
							"from": [ -0.1, -0.3, -0.1 ], 
							"to": [ 0.4, 0.0, 0.3 ], 
							"rotationOrigin": [ 0.4, -0.1, -0.1 ],
							"faces": {
								"north": { "texture": "#shinybrass", "uv": [ 0.0, 0.0, 16.0, 16.0 ], "autoUv": false },
								"east": { "texture": "#shinybrass", "uv": [ 0.0, 0.0, 16.0, 16.0 ], "autoUv": false },
								"south": { "texture": "#shinybrass", "uv": [ 0.0, 0.0, 16.0, 16.0 ], "autoUv": false },
								"west": { "texture": "#shinybrass", "uv": [ 0.0, 0.0, 16.0, 16.0 ], "autoUv": false },
								"up": { "texture": "#shinybrass", "uv": [ 0.0, 0.0, 16.0, 16.0 ], "autoUv": false },
								"down": { "texture": "#shinybrass", "uv": [ 0.0, 0.0, 16.0, 16.0 ], "autoUv": false }
							}
						}
					]
				},
				{
					"name": "Door-Detail-R",
					"from": [ 12.6, 1.3, -0.2 ], 
					"to": [ 13.1, 12.8, 0.8 ], 
					"rotationOrigin": [ 12.0, 1.0, 0.0 ],
					"faces": {
						"north": { "texture": "#cabinet-boreder", "uv": [ 0.0, 0.0, 16.0, 2.0 ], "rotation": 90, "autoUv": false },
						"east": { "texture": "#cabinet-boreder", "uv": [ 0.0, 0.5, 16.0, 2.5 ], "rotation": 90, "autoUv": false },
						"south": { "texture": "#cabinet-boreder", "uv": [ 0.0, 0.5, 16.0, 2.5 ], "rotation": 90, "autoUv": false },
						"west": { "texture": "#cabinet-boreder", "uv": [ 0.0, 0.5, 16.0, 2.5 ], "rotation": 90, "autoUv": false },
						"up": { "texture": "#cabinet-boreder", "uv": [ 0.0, 0.5, 16.0, 2.5 ], "autoUv": false },
						"down": { "texture": "#cabinet-boreder", "uv": [ 0.0, 0.5, 16.0, 2.5 ], "autoUv": false }
					},
					"children": [
						{
							"name": "Door-Detail-RR",
							"from": [ -1.1, 1.2, -0.2 ], 
							"to": [ -0.6, 10.4, 1.0 ], 
							"rotationOrigin": [ -1.6, 0.7, 0.2 ],
							"faces": {
								"north": { "texture": "#cabinet-boreder", "uv": [ 0.0, 0.5, 16.0, 2.5 ], "rotation": 90, "autoUv": false },
								"east": { "texture": "#cabinet-boreder", "uv": [ 0.0, 0.5, 16.0, 2.5 ], "rotation": 90, "autoUv": false },
								"south": { "texture": "#cabinet-boreder", "uv": [ 0.0, 0.5, 16.0, 2.5 ], "rotation": 90, "autoUv": false },
								"west": { "texture": "#cabinet-boreder", "uv": [ 0.0, 0.5, 16.0, 2.5 ], "rotation": 90, "autoUv": false },
								"up": { "texture": "#cabinet-boreder", "uv": [ 0.0, 0.5, 16.0, 2.5 ], "autoUv": false },
								"down": { "texture": "#cabinet-boreder", "uv": [ 0.0, 0.5, 16.0, 2.5 ], "autoUv": false }
							}
						}
					]
				},
				{
					"name": "HingeT",
					"from": [ -0.4, 12.0, 0.1 ], 
					"to": [ -0.2, 12.9, 0.3 ], 
					"rotationOrigin": [ 0.0, 12.0, 0.0 ],
					"faces": {
						"north": { "texture": "#shinybrass", "uv": [ 0.0, 0.0, 16.0, 16.0 ], "autoUv": false },
						"east": { "texture": "#shinybrass", "uv": [ 0.0, 0.0, 16.0, 16.0 ], "autoUv": false },
						"south": { "texture": "#shinybrass", "uv": [ 0.0, 0.0, 16.0, 16.0 ], "autoUv": false },
						"west": { "texture": "#shinybrass", "uv": [ 0.0, 0.0, 16.0, 16.0 ], "autoUv": false },
						"up": { "texture": "#shinybrass", "uv": [ 0.0, 0.0, 16.0, 16.0 ], "autoUv": false },
						"down": { "texture": "#shinybrass", "uv": [ 0.0, 0.0, 16.0, 16.0 ], "autoUv": false }
					},
					"children": [
						{
							"name": "HingeTTT",
							"from": [ -0.1, 0.9, -0.1 ], 
							"to": [ 0.4, 1.2, 0.3 ], 
							"rotationOrigin": [ 0.4, 0.9, -0.1 ],
							"faces": {
								"north": { "texture": "#shinybrass", "uv": [ 0.0, 0.0, 16.0, 16.0 ], "autoUv": false },
								"east": { "texture": "#shinybrass", "uv": [ 0.0, 0.0, 16.0, 16.0 ], "autoUv": false },
								"south": { "texture": "#shinybrass", "uv": [ 0.0, 0.0, 16.0, 16.0 ], "autoUv": false },
								"west": { "texture": "#shinybrass", "uv": [ 0.0, 0.0, 16.0, 16.0 ], "autoUv": false },
								"up": { "texture": "#shinybrass", "uv": [ 0.0, 0.0, 16.0, 16.0 ], "autoUv": false },
								"down": { "texture": "#shinybrass", "uv": [ 0.0, 0.0, 16.0, 16.0 ], "autoUv": false }
							}
						},
						{
							"name": "HingeTTB",
							"from": [ -0.1, -0.3, -0.1 ], 
							"to": [ 0.4, 0.0, 0.3 ], 
							"rotationOrigin": [ 0.4, -0.1, -0.1 ],
							"faces": {
								"north": { "texture": "#shinybrass", "uv": [ 0.0, 0.0, 16.0, 16.0 ], "autoUv": false },
								"east": { "texture": "#shinybrass", "uv": [ 0.0, 0.0, 16.0, 16.0 ], "autoUv": false },
								"south": { "texture": "#shinybrass", "uv": [ 0.0, 0.0, 16.0, 16.0 ], "autoUv": false },
								"west": { "texture": "#shinybrass", "uv": [ 0.0, 0.0, 16.0, 16.0 ], "autoUv": false },
								"up": { "texture": "#shinybrass", "uv": [ 0.0, 0.0, 16.0, 16.0 ], "autoUv": false },
								"down": { "texture": "#shinybrass", "uv": [ 0.0, 0.0, 16.0, 16.0 ], "autoUv": false }
							}
						}
					]
				},
				{
					"name": "Door-Detail-BB",
					"from": [ 2.0, 2.0, -0.4 ], 
					"to": [ 12.0, 2.5, 0.8 ], 
					"rotationOrigin": [ 2.0, 2.0, 0.0 ],
					"faces": {
						"north": { "texture": "#cabinet-boreder", "uv": [ 0.0, 0.5, 16.0, 2.5 ], "autoUv": false },
						"east": { "texture": "#cabinet-boreder", "uv": [ 0.0, 0.5, 16.0, 2.5 ], "autoUv": false },
						"south": { "texture": "#cabinet-boreder", "uv": [ 0.0, 0.5, 16.0, 2.5 ], "autoUv": false },
						"west": { "texture": "#cabinet-boreder", "uv": [ 0.0, 0.5, 16.0, 2.5 ], "autoUv": false },
						"up": { "texture": "#cabinet-boreder", "uv": [ 0.0, 0.5, 16.0, 2.5 ], "autoUv": false },
						"down": { "texture": "#cabinet-boreder", "uv": [ 0.0, 0.5, 16.0, 2.5 ], "autoUv": false }
					},
					"children": [
						{
							"name": "Door-Detail-B",
							"from": [ -1.1, -1.2, 0.2 ], 
							"to": [ 11.12, -0.7, 1.2 ], 
							"rotationOrigin": [ -1.0, -1.0, 0.4 ],
							"faces": {
								"north": { "texture": "#cabinet-boreder", "uv": [ 0.0, 0.5, 16.0, 2.5 ], "autoUv": false },
								"east": { "texture": "#cabinet-boreder", "uv": [ 0.0, 0.5, 16.0, 2.5 ], "autoUv": false },
								"south": { "texture": "#cabinet-boreder", "uv": [ 0.0, 0.5, 16.0, 2.5 ], "autoUv": false },
								"west": { "texture": "#cabinet-boreder", "uv": [ 0.0, 0.5, 16.0, 2.5 ], "autoUv": false },
								"up": { "texture": "#cabinet-boreder", "uv": [ 0.0, 0.5, 16.0, 2.5 ], "autoUv": false },
								"down": { "texture": "#cabinet-boreder", "uv": [ 0.0, 0.5, 16.0, 2.5 ], "autoUv": false }
							}
						}
					]
				},
				{
					"name": "Door-Detail-TT",
					"from": [ 2.0, 11.7, -0.4 ], 
					"to": [ 12.0, 12.2, 0.8 ], 
					"rotationOrigin": [ 2.0, 11.7, 0.0 ],
					"faces": {
						"north": { "texture": "#cabinet-boreder", "uv": [ 0.0, 0.0, 16.0, 2.5 ], "autoUv": false },
						"east": { "texture": "#cabinet-boreder", "uv": [ 0.0, 0.0, 16.0, 2.5 ], "autoUv": false },
						"south": { "texture": "#cabinet-boreder", "uv": [ 0.0, 0.0, 16.0, 2.5 ], "autoUv": false },
						"west": { "texture": "#cabinet-boreder", "uv": [ 0.0, 0.0, 16.0, 2.5 ], "autoUv": false },
						"up": { "texture": "#cabinet-boreder", "uv": [ 0.0, 0.0, 16.0, 2.0 ], "autoUv": false },
						"down": { "texture": "#cabinet-boreder", "uv": [ 0.0, 0.0, 16.0, 2.5 ], "autoUv": false }
					},
					"children": [
						{
							"name": "Door-Detail-T",
							"from": [ -1.1, 1.0, 0.2 ], 
							"to": [ 11.12, 1.5, 1.2 ], 
							"rotationOrigin": [ -1.0, 1.3, 0.4 ],
							"faces": {
								"north": { "texture": "#cabinet-boreder", "uv": [ 0.0, 0.0, 16.0, 2.5 ], "autoUv": false },
								"east": { "texture": "#cabinet-boreder", "uv": [ 0.0, 0.0, 16.0, 2.5 ], "autoUv": false },
								"south": { "texture": "#cabinet-boreder", "uv": [ 0.0, 0.0, 16.0, 2.5 ], "autoUv": false },
								"west": { "texture": "#cabinet-boreder", "uv": [ 0.0, 0.0, 16.0, 2.5 ], "autoUv": false },
								"up": { "texture": "#cabinet-boreder", "uv": [ 0.0, 0.0, 16.0, 2.0 ], "autoUv": false },
								"down": { "texture": "#cabinet-boreder", "uv": [ 0.0, 0.0, 16.0, 2.5 ], "autoUv": false }
							}
						}
					]
				},
				{
					"name": "Door-Detail-L",
					"from": [ 0.88, 1.3, -0.2 ], 
					"to": [ 1.38, 12.8, 0.8 ], 
					"rotationOrigin": [ 1.0, 1.0, 0.0 ],
					"faces": {
						"north": { "texture": "#cabinet-boreder", "uv": [ 0.0, 0.5, 16.0, 2.5 ], "rotation": 90, "autoUv": false },
						"east": { "texture": "#cabinet-boreder", "uv": [ 0.0, 0.5, 16.0, 2.5 ], "rotation": 90, "autoUv": false },
						"south": { "texture": "#cabinet-boreder", "uv": [ 0.0, 0.5, 16.0, 2.5 ], "rotation": 90, "autoUv": false },
						"west": { "texture": "#cabinet-boreder", "uv": [ 0.0, 0.5, 16.0, 2.5 ], "rotation": 90, "autoUv": false },
						"up": { "texture": "#cabinet-boreder", "uv": [ 0.0, 0.5, 16.0, 2.5 ], "autoUv": false },
						"down": { "texture": "#cabinet-boreder", "uv": [ 0.0, 0.5, 16.0, 2.5 ], "autoUv": false }
					},
					"children": [
						{
							"name": "Door-Detail-LL",
							"from": [ 1.12, 1.2, -0.2 ], 
							"to": [ 1.62, 10.4, 1.0 ], 
							"rotationOrigin": [ 1.12, 0.7, 0.2 ],
							"faces": {
								"north": { "texture": "#cabinet-boreder", "uv": [ 0.0, 0.5, 16.0, 2.5 ], "rotation": 90, "autoUv": false },
								"east": { "texture": "#cabinet-boreder", "uv": [ 0.0, 0.5, 16.0, 2.5 ], "rotation": 90, "autoUv": false },
								"south": { "texture": "#cabinet-boreder", "uv": [ 0.0, 0.5, 16.0, 2.5 ], "rotation": 90, "autoUv": false },
								"west": { "texture": "#cabinet-boreder", "uv": [ 0.0, 0.5, 16.0, 2.5 ], "rotation": 90, "autoUv": false },
								"up": { "texture": "#cabinet-boreder", "uv": [ 0.0, 0.5, 16.0, 2.5 ], "rotation": 90, "autoUv": false },
								"down": { "texture": "#cabinet-boreder", "uv": [ 0.0, 0.5, 16.0, 2.5 ], "rotation": 90, "autoUv": false }
							}
						}
					]
				}
			]
		},
		{
			"name": "Frame",
			"from": [ 8.0, 8.0, 0.0 ], 
			"to": [ 8.0, 8.0, 0.0 ], 
			"rotationOrigin": [ 8.0, 8.0, 0.0 ],
			"faces": {
				"north": { "texture": "#shinybrass", "uv": [ 0.0, 0.0, 0.5, 0.5 ] },
				"east": { "texture": "#shinybrass", "uv": [ 0.0, 0.0, 0.5, 0.5 ] },
				"south": { "texture": "#shinybrass", "uv": [ 0.0, 0.0, 0.5, 0.5 ] },
				"west": { "texture": "#shinybrass", "uv": [ 0.0, 0.0, 0.5, 0.5 ] },
				"up": { "texture": "#shinybrass", "uv": [ 0.0, 0.0, 0.5, 0.5 ] },
				"down": { "texture": "#shinybrass", "uv": [ 0.0, 0.0, 0.5, 0.5 ] }
			},
			"children": [
				{
					"name": "Frame W",
					"from": [ -8.0, -7.0, 1.0 ], 
					"to": [ -7.0, 7.0, 15.0 ], 
					"rotationOrigin": [ -8.0, -7.0, 1.0 ],
					"faces": {
						"north": { "texture": "#cabinet", "uv": [ 0.0, 0.0, 2.0, 16.0 ], "autoUv": false },
						"east": { "texture": "#cabinet", "uv": [ 0.0, 0.0, 16.0, 16.0 ], "autoUv": false },
						"south": { "texture": "#cabinet", "uv": [ 0.0, 0.0, 2.0, 16.0 ], "autoUv": false },
						"west": { "texture": "#cabinet", "uv": [ 0.0, 0.0, 16.0, 16.0 ], "autoUv": false },
						"up": { "texture": "#cabinet", "uv": [ 0.0, 0.0, 2.0, 16.0 ], "autoUv": false },
						"down": { "texture": "#cabinet", "uv": [ 0.0, 0.0, 2.0, 16.0 ], "autoUv": false }
					}
				},
				{
					"name": "Frame N",
					"from": [ -8.0, -7.0, 0.0 ], 
					"to": [ 8.0, 7.0, 1.0 ], 
					"rotationOrigin": [ -8.0, -7.0, 0.0 ],
					"faces": {
						"north": { "texture": "#cabinet", "uv": [ 0.0, 0.0, 16.0, 16.0 ], "autoUv": false },
						"east": { "texture": "#cabinet", "uv": [ 14.5, 0.0, 16.0, 16.0 ], "autoUv": false },
						"south": { "texture": "#cabinet", "uv": [ 0.0, 0.0, 16.0, 16.0 ], "autoUv": false },
						"west": { "texture": "#cabinet", "uv": [ 0.0, 0.0, 1.5, 16.0 ], "autoUv": false },
						"up": { "texture": "#cabinet", "uv": [ 0.0, 0.0, 16.0, 1.5 ], "autoUv": false },
						"down": { "texture": "#cabinet", "uv": [ 0.0, 0.0, 16.0, 1.5 ], "autoUv": false }
					}
				},
				{
					"name": "Frame E",
					"from": [ 7.0, -7.0, 1.0 ], 
					"to": [ 8.0, 7.0, 15.0 ], 
					"rotationOrigin": [ 7.0, -7.0, 1.0 ],
					"faces": {
						"north": { "texture": "#cabinet", "uv": [ 0.0, 0.0, 1.0, 16.0 ], "autoUv": false },
						"east": { "texture": "#cabinet", "uv": [ 0.0, 0.0, 16.0, 16.0 ], "autoUv": false },
						"south": { "texture": "#cabinet", "uv": [ 0.0, 0.0, 1.0, 16.0 ], "autoUv": false },
						"west": { "texture": "#cabinet", "uv": [ 0.0, 0.0, 16.0, 16.0 ], "autoUv": false },
						"up": { "texture": "#cabinet", "uv": [ 0.0, 0.0, 1.5, 16.0 ], "autoUv": false },
						"down": { "texture": "#cabinet", "uv": [ 0.0, 0.0, 1.5, 16.0 ], "autoUv": false }
					}
				},
				{
					"name": "Countertop",
					"from": [ -8.0, 7.0, 0.0 ], 
					"to": [ 8.0, 8.0, 15.0 ], 
					"rotationOrigin": [ -8.0, 7.0, 0.0 ],
					"faces": {
						"north": { "texture": "#cabinet", "uv": [ 0.0, 0.0, 16.0, 3.5 ], "autoUv": false },
						"east": { "texture": "#cabinet", "uv": [ 0.0, 0.0, 16.0, 3.5 ], "autoUv": false },
						"south": { "texture": "#cabinet", "uv": [ 0.0, 0.0, 16.0, 3.5 ], "autoUv": false },
						"west": { "texture": "#cabinet", "uv": [ 0.0, 0.0, 16.0, 3.5 ], "autoUv": false },
						"up": { "texture": "#cabinet", "uv": [ 0.0, 0.0, 16.0, 16.0 ], "autoUv": false },
						"down": { "texture": "#cabinet", "uv": [ 0.0, 0.0, 16.0, 16.0 ], "autoUv": false }
					}
				},
				{
					"name": "Floor",
					"from": [ -8.0, -8.0, 0.0 ], 
					"to": [ 8.0, -7.0, 15.0 ], 
					"rotationOrigin": [ -8.0, -8.0, 0.0 ],
					"faces": {
						"north": { "texture": "#cabinet", "uv": [ 0.0, 0.0, 16.0, 2.5 ], "autoUv": false },
						"east": { "texture": "#cabinet", "uv": [ 0.0, 0.0, 16.0, 2.5 ], "autoUv": false },
						"south": { "texture": "#cabinet", "uv": [ 0.0, 0.0, 16.0, 2.5 ], "autoUv": false },
						"west": { "texture": "#cabinet", "uv": [ 0.0, 2.5, 16.0, 0.0 ], "autoUv": false },
						"up": { "texture": "#cabinet", "uv": [ 0.0, 0.0, 16.0, 16.0 ], "autoUv": false },
						"down": { "texture": "#cabinet", "uv": [ 0.0, 0.0, 16.0, 16.0 ], "autoUv": false }
					}
				},
				{
					"name": "Bored T",
					"from": [ -7.0, -0.5, 1.0 ], 
					"to": [ 1.0, -0.1, 14.0 ], 
					"rotationOrigin": [ -7.0, -1.0, 1.0 ],
					"faces": {
						"north": { "texture": "#cabinet-boreder", "uv": [ 0.0, 0.0, 8.0, 0.5 ] },
						"east": { "texture": "#cabinet-boreder", "uv": [ 0.0, 0.0, 13.0, 0.5 ] },
						"south": { "texture": "#cabinet-boreder", "uv": [ 0.0, 0.0, 16.0, 2.5 ], "autoUv": false },
						"west": { "texture": "#cabinet-boreder", "uv": [ 0.0, 0.0, 13.0, 0.5 ] },
						"up": { "texture": "#cabinet-detail", "uv": [ 0.0, 0.0, 16.0, 16.0 ], "autoUv": false },
						"down": { "texture": "#cabinet-detail", "uv": [ 0.0, 0.0, 16.0, 16.0 ], "autoUv": false }
					}
				},
				{
					"name": "Bored L",
					"from": [ 1.0, 7.0, 1.0 ], 
					"to": [ 15.0, 7.4, 14.0 ], 
					"rotationOrigin": [ 1.0, 7.0, 1.0 ],
					"rotationZ": -90.0,
					"faces": {
						"north": { "texture": "#cabinet-boreder", "uv": [ 0.0, 0.0, 16.0, 2.5 ], "autoUv": false },
						"east": { "texture": "#cabinet-boreder", "uv": [ 0.0, 0.0, 16.0, 2.0 ], "autoUv": false },
						"south": { "texture": "#cabinet-boreder", "uv": [ 0.0, 0.0, 16.0, 2.5 ], "autoUv": false },
						"west": { "texture": "#cabinet-boreder", "uv": [ 0.0, 0.0, 16.0, 2.0 ], "autoUv": false },
						"up": { "texture": "#cabinet", "uv": [ 0.0, 0.0, 16.0, 16.0 ], "autoUv": false },
						"down": { "texture": "#cabinet", "uv": [ 0.0, 0.0, 16.0, 16.0 ], "autoUv": false }
					}
				},
				{
					"name": "Bored R",
					"from": [ 1.5, -3.5, 1.0 ], 
					"to": [ 7.0, -3.1, 14.0 ], 
					"rotationOrigin": [ 1.0, -4.0, 1.0 ],
					"faces": {
						"north": { "texture": "#cabinet-boreder", "uv": [ 0.0, 0.0, 5.5, 0.5 ] },
						"east": { "texture": "#cabinet-boreder", "uv": [ 0.0, 0.0, 13.0, 0.5 ] },
						"south": { "texture": "#cabinet-boreder", "uv": [ 0.0, 0.0, 16.0, 2.5 ], "autoUv": false },
						"west": { "texture": "#cabinet-boreder", "uv": [ 0.0, 0.0, 13.0, 0.5 ] },
						"up": { "texture": "#cabinet-detail", "uv": [ 0.0, 0.0, 16.0, 16.0 ], "autoUv": false },
						"down": { "texture": "#cabinet-detail", "uv": [ 0.0, 0.0, 16.0, 16.0 ], "autoUv": false }
					}
				},
				{
					"name": "Bored R T",
					"from": [ 1.5, 2.5, 1.0 ], 
					"to": [ 7.0, 2.9, 14.0 ], 
					"rotationOrigin": [ 1.0, 2.0, 1.0 ],
					"faces": {
						"north": { "texture": "#cabinet-boreder", "uv": [ 0.0, 0.0, 5.5, 0.5 ] },
						"east": { "texture": "#cabinet-boreder", "uv": [ 0.0, 0.0, 13.0, 0.5 ] },
						"south": { "texture": "#cabinet-boreder", "uv": [ 0.0, 0.0, 16.0, 2.5 ], "autoUv": false },
						"west": { "texture": "#cabinet-boreder", "uv": [ 0.0, 0.0, 13.0, 0.5 ] },
						"up": { "texture": "#cabinet-detail", "uv": [ 0.0, 0.0, 16.0, 16.0 ], "autoUv": false },
						"down": { "texture": "#cabinet-detail", "uv": [ 0.0, 0.0, 16.0, 16.0 ], "autoUv": false }
					}
				}
			]
		}
	]}